Date,Open,High,Low,Close,Volume
2016-01-04,1099.59,1110.75,1093.85,1109.64,66545000
2016-01-05,1117.47,1130.57,1112.75,1125.85,41227200
2016-01-06,1116.63,1138.68,1116.1,1133.04,42316800
2016-01-07,1122,1149.76,1117.56,1143.37,64899600
2016-01-08,1145.64,1149.96,1120.93,1122.88,52138900
2016-01-11,1126.04,1134.69,1120.15,1130.93,43684900
2016-01-12,1134.63,1140.91,1122.6,1127.71,42286900
2016-01-13,1130.63,1131.98,1098.54,1100.22,51882600
2016-01-14,1102.76,1126.36,1095.25,1117.71,46357200
2016-01-15,1093.31,1108.41,1087.7,1098.22,73740300
2016-01-19,1104.78,1113.13,1098.68,1107.63,47202300
2016-01-20,1094.74,1106.85,1071.79,1087.52,71055600
2016-01-21,1090.36,1116.13,1086.9,1101.73,49735700
2016-01-22,1113.77,1124.41,1109.16,1117.15,41273900
2016-01-25,1117.55,1131.14,1110.37,1120.9,36557000
2016-01-26,1120.63,1134.47,1117.03,1127.48,28257900
2016-01-27,1128.79,1142.32,1119.97,1122.51,45057100
2016-01-28,1130.87,1140.08,1120.86,1135.94,54703300
2016-01-29,1142.19,1166.45,1140.43,1163.88,71404200
2016-02-01,1161.42,1186.29,1158.74,1179.53,103833900
2016-02-02,1188.28,1196.07,1170.16,1176.58,127686900
2016-02-03,1183.46,1187.02,1141.78,1157.34,124033000
2016-02-04,1150.29,1160.52,1134.96,1152.79,104167600
2016-02-05,1156.38,1163.95,1137.55,1151.33,103096200
2016-02-08,1140.67,1153.13,1123.89,1149.88,87444100
2016-02-09,1130.62,1149.92,1120.33,1136.09,73648300
2016-02-10,1143.22,1152.4,1135.59,1137.82,53646000
2016-02-11,1126.15,1139.2,1121.47,1132.21,61505900
2016-02-12,1136.81,1146.17,1125.7,1141.72,43911800
2016-02-16,1149.98,1153.75,1134.89,1141.38,51664600
2016-02-17,1145.94,1155.54,1140.51,1149.47,51377500
2016-02-18,1123.59,1135.97,1103.48,1123.6,46868900
2016-02-19,1120.26,1132.75,1114.89,1130.77,35391200
2016-02-22,1132.96,1151.44,1131.33,1143.49,40407700
2016-02-23,1144.18,1154.96,1135.24,1149.46,41780500
2016-02-24,1143.94,1160.39,1136,1157.87,40598100
2016-02-25,1161.76,1171.36,1157.32,1170.27,34213100
2016-02-26,1171.66,1174.57,1149.05,1152.79,46195000
2016-02-29,1152.6,1159.64,1147.09,1148.49,50494400
2016-03-01,1153.87,1161.61,1145.32,1156.81,44274000
2016-03-02,1154.07,1159.57,1149.4,1154.06,33844800
2016-03-03,1151.1,1154.14,1134.91,1151.12,40912800
2016-03-04,1151.97,1165.22,1148.42,1157.76,40692600
2016-03-07,1154.64,1175.96,1144.18,1165.13,61064100
2016-03-08,1161.22,1174.5,1157.46,1166.49,42729100
2016-03-09,1165.11,1169.74,1156.13,1164.42,29487200
2016-03-10,1165.57,1173.76,1150.99,1165.45,57585300
2016-03-11,1171.89,1176.05,1160.04,1167.4,40278600
2016-03-14,1167.15,1175.88,1164.48,1170.74,35015500
2016-03-15,1165.51,1182.43,1164.81,1178.23,35242000
2016-03-16,1175.9,1184.08,1167.56,1179.7,33511300
2016-03-17,1177.91,1192.43,1171.5,1174.25,39053500
2016-03-18,1175.95,1182.13,1164.4,1168.54,63952300
2016-03-21,1169.05,1186.13,1167.37,1181.41,37917700
2016-03-22,1180.21,1190.32,1177.85,1179.87,26482600
2016-03-23,1181.97,1184.09,1173.54,1174.4,29286600
2016-03-24,1172.07,1180.8,1171.17,1179.54,32515200
2016-03-28,1179.25,1187.24,1177.78,1180.26,26622500
2016-03-29,1180.95,1185.86,1170.97,1183.03,38625400
2016-03-30,1188.15,1198.24,1187.25,1193.54,36369600
2016-03-31,1192.55,1198.04,1186.69,1188.26,34945600
2016-04-01,1180.91,1197.98,1180.35,1196.27,32217800
2016-04-04,1195.64,1200.69,1192.22,1195.2,23688100
2016-04-05,1192.02,1196.05,1182.6,1187.54,23371800
2016-04-06,1187.54,1195.04,1185.44,1194.64,21745700
2016-04-07,1192.17,1193.82,1179.19,1183.65,29699500
2016-04-08,1185.88,1187.31,1178.07,1181.49,26625700
2016-04-11,1182.21,1186.93,1172.87,1173.11,25638400
2016-04-12,1175.64,1192.1,1171.96,1191.07,28143800
2016-04-13,1195.44,1201.75,1192.25,1197.86,34711700
2016-04-14,1198.6,1200.72,1187.02,1194.44,23753800
2016-04-15,1196.26,1203.86,1195.82,1199.28,36972400
2016-04-18,1199.64,1211.69,1196.34,1210.76,31871800
2016-04-19,1210.96,1214.32,1201.01,1205.58,41429500
2016-04-20,1206.8,1209.43,1197.08,1198.86,31059300
2016-04-21,1202.67,1206.71,1187,1192.77,61566700
2016-04-22,1185.64,1190.2,1175.4,1182.08,119200200
2016-04-25,1179.31,1192.54,1173.62,1191.95,39625200
2016-04-26,1195.28,1197.54,1181.3,1185.21,55293200
2016-04-27,1187.09,1190.91,1176.66,1185.8,62185500
2016-04-28,1182.59,1190.69,1172.99,1175.29,57544700
2016-04-29,1173.11,1176.37,1145.78,1152.85,51204000
2016-05-02,1151.52,1164.71,1148.37,1162.68,33774500
2016-05-03,1154.01,1161.53,1151.15,1154.1,31439000
2016-05-04,1151.81,1162,1146.69,1157.31,34402600
2016-05-05,1155.48,1160.14,1150.44,1159.38,34628600
2016-05-06,1155.02,1174.58,1153.68,1174.23,37882400
2016-05-09,1174.52,1186.25,1172.83,1182.67,31421900
2016-05-10,1183.58,1188.16,1177.94,1184.23,32038400
2016-05-11,1169.5,1170.23,1145.23,1154.98,36856100
2016-05-12,1157.14,1163.49,1152.58,1159.29,28835600
2016-05-13,1154.7,1157.06,1133.36,1137.11,29666200
2016-05-16,1135.64,1155.42,1132.48,1151.08,28241300
2016-05-17,1151.35,1155.52,1134.17,1137.33,41079700
2016-05-18,1113.35,1124.48,1108.99,1115.81,41760800
2016-05-19,1169.75,1184.81,1161.16,1181.53,48437700
2016-05-20,1183.42,1196.73,1177.63,1191.99,40220300
2016-05-23,1188.03,1194.81,1185.44,1186.14,28466000
2016-05-24,1188.71,1201.95,1187.56,1199.63,39586900
2016-05-25,1199.98,1210.64,1199.52,1204.02,33383900
2016-05-26,1205.62,1215.16,1203.75,1207.82,32702900
2016-05-27,1207.91,1211.42,1203.71,1209.44,39919800
2016-05-31,1207.22,1214.56,1205.93,1210.8,43408600
2016-06-01,1207.22,1212.74,1204.97,1207.13,26091200
2016-06-02,1206.59,1212.4,1199.93,1210.99,27614100
2016-06-03,1206.33,1211.82,1202.95,1207.48,25340900
2016-06-06,1215.67,1216.03,1206.53,1207.72,32579000
2016-06-07,1209.33,1212.42,1205.45,1207.53,27719900
2016-06-08,1207.78,1216.06,1206.14,1214.02,32263500
2016-06-09,1213.21,1217.92,1207.23,1211.93,20688500
2016-06-10,1208,1214.73,1203.41,1209.6,25461300
2016-06-13,1206.96,1211.89,1201.15,1202.26,26390600
2016-06-14,1203.12,1210.8,1196.83,1206.97,27650700
2016-06-15,1210.03,1215.95,1207.22,1209.09,25578900
2016-06-16,1206.46,1212.29,1200.55,1208.51,40213000
2016-06-17,1205.13,1208.14,1191.43,1198.74,70403700
2016-06-20,1205.05,1211.56,1200.39,1201.06,42258100
2016-06-21,1200.8,1211.01,1198.83,1205.93,30062400
2016-06-22,1208.48,1216.48,1206.29,1209.69,25150700
2016-06-23,1214.85,1216.74,1206.97,1215.1,43983900
2016-06-24,1189.08,1218.34,1188.08,1205.27,90255600
2016-06-27,1200.28,1202.17,1189.16,1197.8,53781300
2016-06-28,1204.04,1205.75,1189.72,1201.53,44311000
2016-06-29,1203.84,1215.09,1202.55,1213.74,39283400
2016-06-30,1215.42,1224.64,1211.99,1222.61,33120800
2016-07-01,1223.9,1226.96,1215.74,1222.36,27957900
2016-07-05,1220.69,1230.97,1217.71,1224.85,31164300
2016-07-06,1224.71,1236.54,1223.38,1233.52,30327700
2016-07-07,1232.58,1234.93,1222.93,1229.46,27223300
2016-07-08,1234.06,1236.33,1226.47,1236.18,32799700
2016-07-11,1234.98,1245.36,1232.79,1241.59,24003500
2016-07-12,1237.14,1240.28,1229.75,1234.31,29457100
2016-07-13,1235.03,1239.5,1229.38,1237.2,19781600
2016-07-14,1240.58,1244.44,1237.42,1239.35,20132800
2016-07-15,1244.03,1244.38,1235.77,1238.67,26279000
2016-07-18,1239.21,1249.55,1237.47,1244.92,26478500
2016-07-19,1241.42,1247.28,1240.41,1243.8,25014500
2016-07-20,1246.63,1250.78,1243.67,1246.79,26329300
2016-07-21,1242.45,1245.49,1237.73,1242.92,20990700
2016-07-22,1246.67,1248.84,1241.13,1244.6,25563100
2016-07-25,1243.94,1247.74,1241.35,1245.95,21183800
2016-07-26,1245.25,1250.22,1240.36,1245.3,24307400
2016-07-27,1244.45,1248.21,1238.12,1241.66,30796900
2016-07-28,1241.26,1243.83,1231.22,1242.05,70754000
2016-07-29,1249.8,1252.62,1243.27,1246.32,77088100
2016-08-01,1242.04,1261.54,1242.01,1256.75,54327900
2016-08-02,1254.52,1257.04,1242.17,1248.85,36279500
2016-08-03,1246.14,1252.61,1240.5,1247.42,26572600
2016-08-04,1245.52,1253.93,1242.05,1250.99,23336000
2016-08-05,1253.5,1262.03,1253.03,1259.62,36428800
2016-08-08,1262.25,1263.24,1250.18,1254.76,23113600
2016-08-09,1254.78,1263.17,1251.45,1257.82,27150000
2016-08-10,1257.99,1269.55,1255.63,1262.55,17669500
2016-08-11,1268.84,1273.77,1257.28,1260.94,20491400
2016-08-12,1259.84,1264.06,1256.76,1261.4,17866800
2016-08-15,1260.68,1264.16,1251.63,1254.76,21093700
2016-08-16,1245.84,1254.14,1239.33,1248.17,22760500
2016-08-17,1238.15,1250.05,1236.89,1249.52,23396400
2016-08-18,1249.55,1275.91,1248.56,1264.15,30469400
2016-08-19,1261.09,1263.92,1244.38,1246.73,23073500
2016-08-22,1248.84,1250.16,1240.92,1244.44,21642700
2016-08-23,1247.66,1250.01,1236.03,1236.24,20804400
2016-08-24,1235.74,1245.78,1232.24,1238.37,23679000
2016-08-25,1239.08,1243.05,1223.03,1226.99,21312200
2016-08-26,1228.99,1234.46,1222.1,1226.13,25401800
2016-08-29,1225.88,1233.77,1224.73,1229.89,18524200
2016-08-30,1228.96,1234.69,1225.33,1227.87,23326000
2016-08-31,1228.86,1231.56,1224.83,1228.63,25757300
2016-09-01,1230.78,1245.88,1227.37,1244.92,21923900
2016-09-02,1247.97,1250.55,1240.07,1241.97,22926200
2016-09-06,1245.54,1251.9,1238.42,1250.37,30401900
2016-09-07,1250.33,1251.8,1238,1239.93,20297600
2016-09-08,1237.45,1242.85,1233.77,1235.7,27181000
2016-09-09,1228.24,1231.44,1213.37,1213.37,39626000
2016-09-12,1217.37,1238.64,1216.19,1234.85,28381700
2016-09-13,1232.22,1233.58,1221.63,1226.4,28892600
2016-09-14,1228.17,1235.73,1225.51,1227.97,22840900
2016-09-15,1227.64,1243.38,1224.21,1240.91,27102500
2016-09-16,1239.39,1246.58,1236.56,1245.26,43290400
2016-09-19,1243.82,1246.95,1235.04,1235.45,24455700
2016-09-20,1237.22,1243.11,1234.22,1235.95,20445100
2016-09-21,1238.76,1244.28,1229.8,1240.04,24291400
2016-09-22,1243.97,1248.43,1238.52,1244.54,30298500
2016-09-23,1248.03,1250.69,1244.29,1245.3,29268100
2016-09-26,1243.47,1243.7,1231.45,1232.95,31235700
2016-09-27,1236.84,1246.61,1232.52,1243.84,23920800
2016-09-28,1240.92,1243.34,1230.56,1237.33,23041700
2016-09-29,1234.82,1237.84,1221.81,1223.3,27483200
2016-09-30,1232.34,1244.61,1230.48,1239.6,33240400
2016-10-03,1235.34,1239.53,1231.2,1236.81,26238300
2016-10-04,1237.82,1245.1,1231.74,1235.15,24909900
2016-10-05,1237.44,1242.86,1233.22,1234.3,29930500
2016-10-06,1235.13,1235.63,1203.01,1208.7,29376600
2016-10-07,1208.54,1210.87,1193.44,1200.79,22549200
2016-10-10,1202.24,1208.53,1190.56,1196.53,25158500
2016-10-11,1196.44,1198.48,1187.13,1189,28763200
2016-10-12,1193.08,1196.45,1188.37,1190.81,20770800
2016-10-13,1186.13,1201.05,1181.97,1196.58,28812300
2016-10-14,1199.86,1204.99,1195.63,1199.16,18217300
2016-10-17,1201.8,1203.85,1191.59,1197.09,23108700
2016-10-18,1203.65,1212.89,1199.11,1209.49,41881800
2016-10-19,1214.35,1217.86,1208.43,1211.83,36046900
2016-10-20,1213.43,1214.76,1206.38,1208.5,35709100
2016-10-21,1203.75,1208.49,1199.5,1205.2,26511200
2016-10-24,1210.2,1222.04,1207.64,1219.35,34697600
2016-10-25,1218.6,1228.07,1214.51,1219.35,32438100
2016-10-26,1218.22,1224.08,1213.02,1218.93,33338800
2016-10-27,1219.69,1224.97,1214.12,1220.28,55444600
2016-10-28,1224.36,1231.35,1218.55,1222.04,85680600
2016-10-31,1222.87,1224.58,1216.68,1218.74,48964700
2016-11-01,1217.75,1220.85,1205.92,1210.44,48932900
2016-11-02,1207.52,1217.22,1202.57,1207.1,38220500
2016-11-03,1208.63,1214.54,1202.76,1206.91,39455100
2016-11-04,1204,1213.09,1197.48,1201.61,43309300
2016-11-07,1210.94,1217.01,1205.18,1215.44,33169100
2016-11-08,1214.97,1222.75,1211.2,1218.24,28380500
2016-11-09,1209.22,1237.46,1206.29,1231.02,54775400
2016-11-10,1234.66,1244.01,1218.89,1226.7,95978500
2016-11-11,1221.57,1224.92,1213.84,1222.16,49326500
2016-11-14,1221.88,1224.3,1201.83,1208,74220800
2016-11-15,1214.89,1227.69,1209.95,1225.73,48661800
2016-11-16,1228.38,1235.51,1222.14,1227.39,31507000
2016-11-17,1202.46,1209.31,1190.88,1205.14,35065900
2016-11-18,1202.31,1208.76,1193.04,1194.33,32884700
2016-11-21,1195.03,1206.98,1193.02,1206.47,27893100
2016-11-22,1211.63,1220.76,1209.75,1214.54,33702200
2016-11-23,1215.46,1223.13,1210.87,1220.03,30479700
2016-11-25,1224.22,1230.53,1221.54,1224.75,12487900
2016-11-28,1220.82,1233.86,1219.29,1226.44,44336100
2016-11-29,1229.64,1236.56,1226.55,1229.34,33148200
2016-11-30,1224.04,1227.7,1210.62,1214.58,48758300
2016-12-01,1212.36,1218.52,1203.42,1213.91,60745500
2016-12-02,1211.82,1219.04,1209.86,1217.11,29806900
2016-12-05,1219.7,1222.78,1205.92,1210.57,29805300
2016-12-06,1212.09,1217.68,1203.93,1214.13,34697100
2016-12-07,1209.94,1221.48,1207.89,1220.87,35902400
2016-12-08,1219.95,1226.53,1216.4,1219.67,30538900
2016-12-09,1220.09,1225.07,1213.88,1221.14,37992600
2016-12-12,1219.6,1240.71,1218.81,1238.82,43051400
2016-12-13,1240.37,1250.14,1239.5,1242.58,43814900
2016-12-14,1244.13,1252.8,1234.96,1237.77,35169300
2016-12-15,1236.53,1244.89,1232.92,1235.14,33303600
2016-12-16,1235.91,1242.38,1227.25,1231.66,52031800
2016-12-19,1229.93,1242.6,1228.6,1239.55,25336000
2016-12-20,1242.07,1244.93,1238.42,1242.95,19976800
2016-12-21,1240.97,1245.05,1233.37,1235.88,24757300
2016-12-22,1235.17,1235.51,1211.37,1216.49,22905200
2016-12-23,1214.59,1218.76,1212.55,1215.46,13361500
2016-12-27,1213.06,1221.3,1211.49,1217.78,16393600
2016-12-28,1221.17,1222.01,1210.07,1211.26,23585500
2016-12-29,1209.57,1213.9,1207.08,1209.94,15494200
2016-12-30,1208.38,1211.83,1200.96,1204.66,36064200
2017-01-03,1208.37,1212.02,1194.15,1204.42,34761300
2017-01-04,1205.16,1216.9,1202.71,1209.07,22874200
2017-01-05,1201.83,1214.64,1198.04,1213.14,27631600
2017-01-06,1204.75,1210.14,1199.28,1206.88,34149500
2017-01-09,1207.73,1214.13,1206.37,1211.97,26931000
2017-01-10,1211.63,1219.01,1205.49,1206.07,25673800
2017-01-11,1205.81,1211.54,1204.44,1210.47,22345400
2017-01-12,1208.33,1210.64,1200.68,1203.76,27842300
2017-01-13,1204.26,1206.01,1194.13,1195.12,24156800
2017-01-17,1205.44,1218.52,1202.64,1208.08,30257500
2017-01-18,1202.59,1205.25,1197.16,1205.19,26903500
2017-01-19,1205.06,1207.27,1196.79,1198.46,19610600
2017-01-20,1201.44,1202.43,1191.73,1194.67,35508900
2017-01-23,1193.59,1200.25,1187.45,1193.93,40068900
2017-01-24,1197.61,1204.56,1193.51,1203.72,31365400
2017-01-25,1207.09,1211.55,1197.52,1202.39,31136900
2017-01-26,1205.78,1206.85,1196.38,1199.45,59832600
2017-01-27,1201.85,1205.66,1179.65,1184.84,60818200
2017-01-30,1181.42,1191.06,1176.1,1185.61,65504600
2017-01-31,1181.39,1190.36,1175.53,1187.13,44205900
2017-02-01,1185.06,1188.34,1177.46,1181.11,41590600
2017-02-02,1181.62,1193.47,1180.96,1187.2,31936100
2017-02-03,1190.08,1192.35,1185,1186.08,30245100
2017-02-06,1184.03,1190.07,1182.45,1184.94,25376700
2017-02-07,1187.62,1194.69,1186.26,1192.23,25493900
2017-02-08,1192.25,1204.11,1190.9,1202.76,24342900
2017-02-09,1203.17,1218.2,1200.77,1217.13,22684400
2017-02-10,1208.79,1213.85,1202.75,1206.94,25888000
2017-02-13,1211.05,1216.42,1202.57,1206.21,25670400
2017-02-14,1207.3,1217.45,1204.37,1216.33,22728200
2017-02-15,1206.56,1217.76,1205.79,1216.15,27632400
2017-02-16,1216.27,1224.09,1215.27,1219.91,27091700
2017-02-17,1219.08,1231.34,1217.06,1226.74,34683300
2017-02-21,1247.13,1260.57,1241.41,1250.79,33759500
2017-02-22,1258.58,1261.46,1250.06,1253.34,24875300
2017-02-23,1256.32,1262.65,1244.58,1249.14,32116900
2017-02-24,1248.24,1264.8,1246.57,1260.14,31116300
2017-02-27,1257.53,1261.09,1249.03,1253.15,23895000
2017-02-28,1242.31,1244.75,1230.87,1242.14,47947700
2017-03-01,1244.52,1248.33,1234.96,1241.07,32843100
2017-03-02,1240.24,1245.74,1235.99,1242.82,20852500
2017-03-03,1242.79,1245.94,1231.46,1234.29,20195700
2017-03-06,1233.21,1238.74,1229.22,1232.2,24005700
2017-03-07,1232.28,1237.8,1231.54,1233.53,21992900
2017-03-08,1232.11,1237.49,1229.87,1234.01,21343900
2017-03-09,1233.69,1238.95,1230.94,1235.79,26339700
2017-03-10,1238.95,1243.46,1235.43,1240.02,34811500
2017-03-13,1239.09,1245.76,1235.74,1239.17,25399900
2017-03-14,1248,1253.52,1245.9,1247.58,18505900
2017-03-15,1245.88,1248.45,1238.24,1246.63,29001800
2017-03-16,1242.14,1249.21,1240.66,1245.64,20788000
2017-03-17,1248.18,1250.68,1238.19,1240.83,37026900
2017-03-20,1242.82,1246.29,1236.42,1240.51,25736800
2017-03-21,1243.65,1246.91,1230.54,1233.34,50040400
2017-03-22,1235.26,1239.99,1230.23,1236.93,28763900
2017-03-23,1233.42,1235.19,1225.47,1228.51,70082400
2017-03-24,1230.83,1233.45,1221.9,1224.69,40050900
2017-03-27,1221.12,1232.23,1218.11,1226.99,38326300
2017-03-28,1223.68,1237.04,1221.46,1234.74,33211500
2017-03-29,1236.46,1248.27,1235.11,1242.97,36403600
2017-03-30,1243.13,1254.55,1241.03,1252.36,22621900
2017-03-31,1248.52,1263.13,1246.97,1257.11,29747800
2017-04-03,1256.99,1265.91,1253.64,1257.4,34442900
2017-04-04,1253.94,1258.8,1250.83,1258.03,21636600
2017-04-05,1254.32,1264.07,1251.74,1252.98,31748500
2017-04-06,1253.87,1259.67,1248.31,1249.36,25781900
2017-04-07,1256.79,1266.81,1250.92,1264.51,23729900
2017-04-10,1265.75,1272.52,1262.31,1266.3,20964000
2017-04-11,1265.63,1271.53,1262.23,1269.94,22362100
2017-04-12,1270.79,1275.48,1267.13,1270.35,19190700
2017-04-13,1268.85,1273.53,1266.15,1266.86,23073600
2017-04-17,1267.47,1276.43,1267.17,1275.24,18715800
2017-04-18,1274.79,1282.6,1273.6,1279.54,17998800
2017-04-19,1282.88,1286.81,1279,1281.98,19987300
2017-04-20,1283.87,1295.9,1282.8,1291.26,20661000
2017-04-21,1291.01,1295.52,1288.68,1293.39,27090600
2017-04-24,1297.69,1305.37,1289.91,1298.28,28540200
2017-04-25,1301.16,1306.78,1299.18,1304.53,33925800
2017-04-26,1307.62,1313.77,1304.28,1308.52,25701200
2017-04-27,1310.39,1312.78,1303.52,1309.51,40985400
2017-04-28,1319.91,1324.27,1314.74,1317.58,65934800
2017-05-01,1315.22,1326.94,1315.03,1320.5,42766900
2017-05-02,1320.25,1328.62,1319.61,1325.01,32576700
2017-05-03,1323.15,1333.02,1319.9,1331.32,30494500
2017-05-04,1332.83,1341.41,1331.2,1339.24,28969100
2017-05-05,1340.78,1343.23,1335.22,1339.42,38633800
2017-05-08,1339.06,1343.07,1334.03,1337.79,27381700
2017-05-09,1342.19,1349.06,1338.38,1343.58,32695400
2017-05-10,1339.26,1344.21,1335.34,1342.19,24650500
2017-05-11,1337.11,1343.69,1331.71,1336.56,18671000
2017-05-12,1334.94,1338.88,1327.3,1332.56,21822800
2017-05-15,1333.78,1342.95,1332.47,1340.58,23861500
2017-05-16,1340.51,1342.55,1327.61,1329.94,21120200
2017-05-17,1327.3,1335.33,1319.38,1321.65,48499200
2017-05-18,1341.44,1354.14,1332.33,1351.78,37247900
2017-05-19,1356.91,1375.24,1354.55,1366.57,33488300
2017-05-22,1365.61,1371.86,1361.74,1366.92,24109900
2017-05-23,1369.37,1374.87,1365.96,1368.69,26523700
2017-05-24,1370.92,1372.2,1365.1,1367.14,21800200
2017-05-25,1370.27,1381.04,1367.32,1374.06,33772000
2017-05-26,1374.78,1378.52,1366.81,1372.81,25778500
2017-05-30,1370.98,1377.45,1369.93,1374.62,29828800
2017-05-31,1376.49,1384.2,1369.8,1375.58,49644200
2017-06-01,1377.48,1391.14,1373.85,1389.52,29364600
2017-06-02,1390.31,1394.06,1382.76,1390.58,35921400
2017-06-05,1390.71,1403.87,1388.88,1400.42,27019300
2017-06-06,1391.21,1394.44,1375.67,1383.46,38078300
2017-06-07,1386.31,1392.28,1381.03,1387.38,30298100
2017-06-08,1387.89,1399.33,1376.02,1385.85,31590300
2017-06-09,1387.32,1393.08,1366.63,1379.32,66852900
2017-06-12,1375.49,1389.56,1360.94,1374.92,75986600
2017-06-13,1377.72,1384.51,1371.51,1381.67,40643800
2017-06-14,1383.95,1390.08,1374.89,1384.9,30211800
2017-06-15,1371.16,1375.76,1352.26,1371.1,44132500
2017-06-16,1316.36,1333.86,1306.2,1330.24,83624300
2017-06-19,1335.42,1345.84,1325.8,1339.39,34633200
2017-06-20,1343.54,1345.44,1334.74,1337.35,24648300
2017-06-21,1339.09,1352.34,1337.83,1348.09,25677300
2017-06-22,1345.57,1346.62,1336.15,1339.46,20501000
2017-06-23,1340.22,1345.53,1327.95,1335.27,33239900
2017-06-26,1338.03,1349.81,1330.74,1337.54,33101400
2017-06-27,1334.01,1345.52,1327.89,1334.16,52000200
2017-06-28,1337.36,1348.21,1331.59,1344.26,54874900
2017-06-29,1337.69,1338.93,1322.57,1329.9,66361100
2017-06-30,1334.44,1336.55,1323.78,1324.04,42380000
2017-07-03,1327.02,1333.12,1312.59,1317.02,34538100
2017-07-05,1320.16,1329.04,1314.87,1321.16,36776900
2017-07-06,1318.79,1329.37,1316.04,1321.02,29148800
2017-07-07,1323.74,1330.1,1317.19,1323.7,33183200
2017-07-10,1322.86,1327.68,1300.17,1304.59,28215600
2017-07-11,1306.48,1314.43,1303.22,1307.65,23503800
2017-07-12,1312.83,1321.53,1311.3,1317.73,31167700
2017-07-13,1326.5,1335.72,1323.58,1330.93,27149500
2017-07-14,1345.88,1350.83,1340.54,1348.09,22977300
2017-07-17,1347.91,1355.56,1344.06,1347.54,24928400
2017-07-18,1346.07,1354.59,1342.49,1349.97,23479900
2017-07-19,1349.57,1352.98,1343.02,1348.43,25059900
2017-07-20,1351.11,1354.35,1343.18,1349.08,32867300
2017-07-21,1344.97,1353.17,1341.07,1352.17,34959700
2017-07-24,1350.61,1367.82,1350.06,1362.8,65384800
2017-07-25,1361.16,1376.88,1355.8,1370.02,93927200
2017-07-26,1371.74,1378.63,1360.72,1373.15,42302600
2017-07-27,1372.55,1385.07,1358.86,1378.04,64762600
2017-07-28,1376.63,1383.36,1373.11,1380.91,37261700
2017-07-31,1381.16,1387.47,1374.26,1379.1,39896700
2017-08-01,1382.63,1389.67,1378.77,1384.83,26187800
2017-08-02,1382.31,1392.17,1377.77,1384.99,37504700
2017-08-03,1393.93,1399.24,1383.77,1386.47,26025900
2017-08-04,1389.64,1394.64,1378.97,1383.65,22793800
2017-08-07,1385.02,1395.65,1383.79,1392.95,21360200
2017-08-08,1390.95,1401.59,1387.44,1395.55,22478600
2017-08-09,1388.12,1399.7,1384.65,1394.45,24740400
2017-08-10,1386.63,1390.88,1377.01,1378.61,37356600
2017-08-11,1379.64,1388.75,1374.71,1378.18,25397800
2017-08-14,1383.05,1391.01,1380.59,1384.35,22671200
2017-08-15,1386.31,1393.41,1381.59,1384.95,19028700
2017-08-16,1391.53,1395.95,1382.81,1388.9,23204700
2017-08-17,1364.99,1375.95,1354.13,1369.27,30847600
2017-08-18,1368.15,1377.94,1363.3,1364.86,28570300
2017-08-21,1362.53,1374.05,1356.6,1367.91,21176200
2017-08-22,1370.96,1379.43,1369.54,1377.49,24234900
2017-08-23,1380.19,1385.22,1374.1,1377.58,23157000
2017-08-24,1385.32,1389.05,1350.37,1357.78,31801700
2017-08-25,1360.31,1367.54,1357.33,1359.14,23279100
2017-08-28,1356.77,1358.43,1349.27,1351.82,23377900
2017-08-29,1344.85,1365.55,1342.93,1362.54,24920200
2017-08-30,1362.66,1369.5,1359.21,1362.91,26669100
2017-08-31,1364.32,1369.55,1358.38,1361.18,32695700
2017-09-01,1364.42,1366.97,1361.19,1363.72,20023700
2017-09-05,1357.61,1380.29,1353.2,1376.36,29144200
2017-09-06,1377.83,1383.85,1372.35,1379.22,31694600
2017-09-07,1383.22,1389.72,1376.93,1382.49,25194900
2017-09-08,1378.49,1380.21,1352.39,1365.59,22566500
2017-09-11,1371.23,1374.89,1363.33,1368.72,26289200
2017-09-12,1372.34,1379.39,1367.9,1375.57,23469300
2017-09-13,1375.1,1389.16,1374.59,1379.38,23751900
2017-09-14,1377.29,1378.17,1368.51,1373.97,28800600
2017-09-15,1375.26,1386.3,1366.44,1380.11,51847700
2017-09-18,1378.13,1388.95,1372.07,1374.11,27387000
2017-09-19,1376.92,1381.74,1369.96,1376.98,19725300
2017-09-20,1378.7,1386.71,1374.99,1385.23,33816900
2017-09-21,1386.49,1387.7,1373.94,1380.08,26601000
2017-09-22,1377.14,1381.64,1369.64,1373.46,21826500
2017-09-25,1365.67,1379.02,1359.58,1366.63,38107100
2017-09-26,1366.38,1374.32,1364.13,1370.6,33844900
2017-09-27,1371.93,1381.22,1363.65,1376.27,45231000
2017-09-28,1371.99,1376.12,1362.06,1374.28,23864100
2017-09-29,1374.06,1378.45,1364.39,1368.84,33271900
2017-10-02,1366.55,1377.59,1357.9,1370.18,26800800
2017-10-03,1374.58,1385.06,1371.99,1380.14,19458300
2017-10-04,1380.4,1387.19,1375.99,1376.62,20023500
2017-10-05,1378.85,1391.27,1377.74,1386.57,24814000
2017-10-06,1378.54,1387.3,1371.59,1385.25,24294900
2017-10-09,1391.07,1413.5,1388.61,1401.26,22358500
2017-10-10,1425.85,1450.65,1420.31,1439.3,31722800
2017-10-11,1444.66,1469.32,1438.83,1462.63,38618900
2017-10-12,1461.7,1471.41,1453.78,1466.29,28342200
2017-10-13,1469.27,1478.9,1468.24,1472.69,25209700
2017-10-16,1473.06,1474.13,1453.06,1463.74,20447500
2017-10-17,1460.5,1472.1,1457.92,1466.45,26459200
2017-10-18,1468.2,1472.32,1465.02,1469.32,21848400
2017-10-19,1466.25,1472.89,1459.47,1468.52,27196100
2017-10-20,1472.44,1482.43,1467.25,1481.38,24860000
2017-10-23,1480.72,1498.33,1472.06,1488.37,31406000
2017-10-24,1489.33,1491.31,1477.63,1481.56,25437700
2017-10-25,1479.38,1490.33,1472.08,1488.05,25059200
2017-10-26,1492.28,1499.82,1482.55,1489.37,41353700
2017-10-27,1496.48,1512.65,1485.15,1500.18,103565700
2017-10-30,1495.85,1499.71,1476.49,1485.98,42294100
2017-10-31,1484.37,1493.97,1479.8,1489.75,27283500
2017-11-01,1487.32,1506.24,1486.42,1499.71,28153800
2017-11-02,1502.21,1514.25,1493.93,1509.29,21610800
2017-11-03,1510.56,1523.66,1507.04,1521.36,22491400
2017-11-06,1517.31,1522.2,1507.77,1508.32,23110000
2017-11-07,1510.68,1515.05,1503.71,1513.58,22880200
2017-11-08,1514.39,1533.3,1513.57,1530.29,22801500
2017-11-09,1524.75,1531.74,1513.33,1527.82,25843500
2017-11-10,1525.53,1543.11,1524.66,1533.63,16304900
2017-11-13,1533.41,1546.6,1531.22,1533.64,19646000
2017-11-14,1529.34,1536.34,1520.72,1534.84,21557800
2017-11-15,1524.21,1531.52,1515.23,1519.08,19048600
2017-11-16,1578.76,1634.55,1574.25,1632.79,44314900
2017-11-17,1628.95,1639.17,1593.66,1604.16,36559100
2017-11-20,1592.88,1607.2,1584.32,1604.05,25148400
2017-11-21,1608.56,1614.4,1592.31,1598.4,25374000
2017-11-22,1600.04,1603.35,1592.77,1597.6,17387400
2017-11-24,1602.75,1609.17,1598.63,1601.47,11643200
2017-11-27,1603.87,1617.88,1597.17,1605.9,27632300
2017-11-28,1605.86,1611.65,1592.32,1605.44,29789700
2017-11-29,1608.97,1621.15,1596.43,1606.04,50497300
2017-11-30,1612.27,1618.22,1592.05,1602.27,36798300
2017-12-01,1604.77,1608.07,1584.77,1600.09,39082700
2017-12-04,1605.19,1608.87,1587.72,1592.46,39165900
2017-12-05,1591.5,1609.97,1588.19,1603.82,42316400
2017-12-06,1604.5,1613.64,1595.86,1601.8,26423300
2017-12-07,1599.95,1610.23,1594.54,1600.13,30113600
2017-12-08,1596.89,1602.91,1593.47,1599.59,26464200
2017-12-11,1603.71,1609.92,1595.05,1605.22,25472300
2017-12-12,1603.85,1611.72,1599.12,1602.45,26755500
2017-12-13,1603.83,1618.09,1600.07,1614.42,26836800
2017-12-14,1618.54,1629.31,1607.74,1610.04,32556300
2017-12-15,1618.35,1631.41,1607.69,1614.8,67477500
2017-12-18,1618.45,1631.37,1616.86,1627.85,32095900
2017-12-19,1649.79,1650.32,1627.76,1635.82,29345300
2017-12-20,1643.5,1646.28,1628.87,1633.39,27547600
2017-12-21,1636.23,1641.36,1623.71,1625.21,21233800
2017-12-22,1626.98,1629.45,1619.55,1625.76,16065100
2017-12-26,1626.67,1639.62,1624.13,1635.37,15807000
2017-12-27,1640.11,1640.89,1628.87,1634.17,25952300
2017-12-28,1637.83,1639.96,1631.12,1635.36,19381200
2017-12-29,1634.91,1639.15,1626.98,1627.45,19133900
2018-01-02,1634.32,1645.79,1624.48,1631.63,26752500
2018-01-03,1634.34,1654.39,1633.08,1646.97,29957700
2018-01-04,1649.78,1654.34,1641.41,1649.29,21221300
2018-01-05,1652.91,1664.58,1651.91,1661.11,26598800
2018-01-08,1662.45,1682.24,1661.78,1679.25,22742100
2018-01-09,1684.78,1688.76,1662.78,1665.34,19475100
2018-01-10,1655.16,1659.19,1641.16,1656.06,22312900
2018-01-11,1657.62,1666.09,1645.09,1660.94,20629400
2018-01-12,1664.1,1683.07,1662.67,1676.02,35105200
2018-01-16,1684.66,1693.5,1668.56,1673.78,32311800
2018-01-17,1680.42,1702.6,1672.35,1699.71,25571000
2018-01-18,1722.42,1725.07,1705.33,1716.96,26940000
2018-01-19,1721.44,1726.67,1709.26,1722.71,36537700
2018-01-22,1721.69,1739.7,1715.74,1738.37,33175100
2018-01-23,1737.91,1751.4,1729.46,1748.04,27920500
2018-01-24,1755.52,1757.39,1733.02,1744.94,29142100
2018-01-25,1748.34,1760.25,1745.13,1756.04,30183800
2018-01-26,1762.1,1778.23,1752.98,1778.01,40942400
2018-01-29,1775.12,1799.53,1772.25,1790.99,28816000
2018-01-30,1783.86,1789.13,1759.99,1766.61,32451700
2018-01-31,1769.32,1774.79,1746.5,1756.03,32300700
2018-02-01,1746.46,1756.95,1735.99,1743.16,48663000
2018-02-02,1724.21,1739.49,1708.12,1713.34,97597700
2018-02-05,1694.3,1714.27,1610.69,1645.71,76997600
2018-02-06,1608.88,1665.32,1603.1,1662.93,70886600
2018-02-07,1658.68,1705.08,1642.48,1674.84,48681700
2018-02-08,1681.29,1685.15,1627.32,1627.83,58865000
2018-02-09,1638.55,1653.48,1584.1,1631.87,71538400
2018-02-12,1643.73,1651.68,1626.41,1638.44,42155700
2018-02-13,1633.74,1659.41,1633.39,1654.71,26154500
2018-02-14,1652.29,1675.34,1644.23,1668.47,31962600
2018-02-15,1681.07,1697.4,1668.24,1692.14,37622200
2018-02-16,1690.2,1716.33,1677.6,1711.33,37233800
2018-02-20,1622.36,1640.78,1589.55,1594.47,59357400
2018-02-21,1606.89,1618.81,1564.2,1569,58018700
2018-02-22,1569.74,1593.52,1563.66,1581.09,33297800
2018-02-23,1584.46,1596.23,1569.38,1589.49,28278500
2018-02-26,1589.97,1605.49,1582.15,1597.99,34473000
2018-02-27,1602.7,1604.66,1571.36,1571.57,37919600
2018-02-28,1578.5,1581.21,1549.7,1550.33,40220900
2018-03-01,1553.19,1554.12,1511.95,1527.87,53753900
2018-03-02,1502.29,1530.25,1500.2,1527.75,49261800
2018-03-05,1519.51,1553.05,1516.6,1545.19,27517800
2018-03-06,1552.15,1554.71,1530.01,1536.57,32588400
2018-03-07,1522.74,1536.9,1514.44,1527.43,28273600
2018-03-08,1529.8,1538.13,1524.23,1535.26,28748300
2018-03-09,1542.35,1556.56,1533.42,1556.28,43663600
2018-03-12,1557.45,1570.23,1546.3,1550.97,44264800
2018-03-13,1556.41,1564.35,1538.52,1543.73,38812600
2018-03-14,1548.57,1558.59,1536.27,1541.04,28088900
2018-03-15,1541.3,1557.3,1516.59,1539.38,32479600
2018-03-16,1543.32,1569.44,1532.86,1552.24,68048000
2018-03-19,1543.77,1546.33,1513.06,1520.74,57397900
2018-03-20,1524.9,1530.28,1514.08,1525.42,37557200
2018-03-21,1523,1547.3,1518,1525.47,39398000
2018-03-22,1515.17,1523.61,1496.63,1499.38,54728200
2018-03-23,1500.95,1510.39,1469.21,1470.87,44306500
2018-03-26,1488.29,1507.9,1474.13,1504.97,54090200
2018-03-27,1513.47,1514.99,1463.17,1472.29,62251200
2018-03-28,1472.22,1503.05,1465.55,1491.11,68373200
2018-03-29,1494.97,1521.61,1490.5,1513.67,55319100
2018-04-02,1499.88,1506.62,1453.82,1467.19,56918700
2018-04-03,1477.5,1487.65,1462.94,1483.4,46523500
2018-04-04,1463.26,1496.5,1461.35,1492.17,50122100
2018-04-05,1501.9,1510.68,1488.54,1499.58,27996900
2018-04-06,1486.07,1501.81,1472.47,1480.05,35500600
2018-04-09,1485.18,1499.7,1477.51,1478.42,36017600
2018-04-10,1488.44,1494.72,1470.25,1485.97,40531200
2018-04-11,1479.72,1490.4,1473.33,1475.97,30335000
2018-04-12,1480.82,1493.33,1471.02,1475.14,27992700
2018-04-13,1483.1,1489.19,1469.14,1480.45,25601500
2018-04-16,1485.15,1503.23,1480.69,1492.5,25220900
2018-04-17,1504.19,1521.03,1502.34,1516.76,46901900
2018-04-18,1521.18,1525.14,1509.7,1512.45,27512100
2018-04-19,1509.77,1525.36,1500.24,1521.4,35569500
2018-04-20,1519.17,1528.37,1501.64,1506.26,38700100
2018-04-23,1507.04,1510.85,1491.48,1494.77,47401000
2018-04-24,1496.71,1499.99,1469.05,1482.86,95582100
2018-04-25,1482.46,1500.02,1474.06,1490.27,48297500
2018-04-26,1493.18,1512.24,1486.32,1505.29,41990100
2018-04-27,1506.76,1508.31,1490.87,1494.81,32885300
2018-04-30,1501.99,1523.34,1497.12,1503.28,34536200
2018-05-01,1493.29,1505.58,1476.84,1498.57,29393400
2018-05-02,1492.34,1497.89,1479.78,1482.3,32634000
2018-05-03,1478.77,1483.65,1462.63,1480.9,36947500
2018-05-04,1475.99,1510.02,1468.94,1503.65,39395800
2018-05-07,1503.57,1508.08,1478.57,1483.51,31242100
2018-05-08,1485.35,1489.67,1474.77,1486.12,25219900
2018-05-09,1453.19,1475.16,1446.48,1467.53,51903400
2018-05-10,1464.26,1481.63,1457.36,1469.05,32929700
2018-05-11,1467.58,1479.28,1458.66,1476.65,26970500
2018-05-14,1482.76,1496.35,1479.83,1488.19,31813400
2018-05-15,1480.9,1489.77,1472.09,1481.97,31317900
2018-05-16,1485.06,1502.95,1483.24,1500.26,25889000
2018-05-17,1509.45,1517.93,1472.61,1481.35,36319900
2018-05-18,1472.66,1477.76,1464.14,1467.81,33540700
2018-05-21,1476,1485.38,1472.39,1482.01,23099900
2018-05-22,1483.33,1487.79,1464.21,1466.18,23244900
2018-05-23,1459.96,1466.49,1450.32,1465.98,23203100
2018-05-24,1465.63,1466.17,1447.77,1464.08,17571200
2018-05-25,1464,1470.58,1456.39,1458.6,18935200
2018-05-29,1449.3,1458.45,1444.15,1452.38,38242400
2018-05-30,1453.92,1475.36,1449.61,1473.65,24601400
2018-05-31,1471.65,1486.35,1456.22,1462.89,62821800
2018-06-01,1473.51,1485.26,1471.17,1480.5,48714500
2018-06-04,1486.99,1515.74,1484.72,1513.7,39338700
2018-06-05,1514.67,1516.65,1498.99,1505.36,34566700
2018-06-06,1509.81,1512.25,1497.33,1503.71,34753000
2018-06-07,1504,1516.11,1497.48,1502.98,31361500
2018-06-08,1499.09,1506.63,1490.02,1495.63,26912200
2018-06-11,1495.29,1503.59,1488.66,1498.32,22473300
2018-06-12,1498.93,1505.05,1489.76,1499.66,19942200
2018-06-13,1498.13,1505.24,1494.76,1497.85,30791700
2018-06-14,1502.64,1513.24,1495.58,1501.17,27899900
2018-06-15,1496.89,1503.77,1490.15,1500.2,44253100
2018-06-18,1490.1,1507.21,1487.62,1500.89,29524800
2018-06-19,1490.95,1506.57,1486.82,1505.24,33742100
2018-06-20,1509.07,1514.46,1500.95,1505.97,33918900
2018-06-21,1505.68,1518.71,1491.8,1507.66,26050700
2018-06-22,1510.82,1516.22,1502.53,1513.26,28362200
2018-06-25,1506.38,1527.9,1493.7,1519.45,45996200
2018-06-26,1521.28,1528.82,1508.9,1511.93,32863100
2018-06-27,1512.15,1533.04,1501.85,1516.42,27852400
2018-06-28,1515.31,1527.4,1500.6,1509.08,23058800
2018-06-29,1511.62,1517.89,1505.7,1507.34,27567300
2018-07-02,1501.3,1515.03,1475.26,1494.13,25666100
2018-07-03,1498.21,1508.43,1484.96,1489.76,14273900
2018-07-05,1497.92,1510.99,1489.98,1499.01,21998900
2018-07-06,1494.82,1508.44,1489.71,1504.32,20697900
2018-07-09,1512.63,1530.58,1508.29,1524.59,19332600
2018-07-10,1525.68,1541.58,1522.41,1537.8,17075200
2018-07-11,1533.13,1541.38,1524.65,1530.93,23088500
2018-07-12,1537.54,1551.7,1528.42,1541.91,25510800
2018-07-13,1542.49,1562.01,1540.4,1556.47,25259300
2018-07-16,1555.83,1557.51,1543.65,1553.96,21577300
2018-07-17,1547.09,1572.42,1546.47,1565.4,32746100
2018-07-18,1566.06,1578.14,1559.54,1563,28325100
2018-07-19,1558.95,1568.89,1551.27,1555.93,25996800
2018-07-20,1552.74,1564.59,1549.49,1558.89,25408500
2018-07-23,1553.09,1567.97,1550.21,1562.09,52548200
2018-07-24,1588.92,1594.2,1573.19,1581.64,66599000
2018-07-25,1571.02,1589.27,1569.33,1587.17,42950700
2018-07-26,1588.58,1605.48,1584.4,1592.32,48555600
2018-07-27,1597.65,1601.27,1575.81,1579.78,42868200
2018-07-30,1574.42,1586.94,1566.9,1580.49,37483100
2018-07-31,1581.92,1591.75,1574.37,1583.31,33571100
2018-08-01,1583.41,1588.34,1566.36,1573.88,31748300
2018-08-02,1565.38,1584.02,1561.55,1581.75,30927300
2018-08-03,1587.6,1599.28,1580.09,1589.74,22537200
2018-08-06,1587.15,1594.67,1581.78,1590.88,22128500
2018-08-07,1597.17,1608.11,1594.93,1598.51,30221000
2018-08-08,1599.99,1608.78,1592.7,1602.77,27865800
2018-08-09,1598.18,1602.13,1589.35,1593.15,17618300
2018-08-10,1587.57,1606.19,1582.83,1601.12,23657300
2018-08-13,1601.11,1609.32,1591.02,1594.39,20794500
2018-08-14,1594.48,1614.19,1590.58,1609.91,27586600
2018-08-15,1598.71,1602.66,1585.14,1592.83,37577400
2018-08-16,1703.23,1704.79,1671.42,1680.78,50389600
2018-08-17,1669.72,1692.94,1663.13,1670.23,32302300
2018-08-20,1669.68,1678.55,1647.25,1652.46,21542600
2018-08-21,1652.12,1659.76,1642.84,1651.11,26311600
2018-08-22,1651.83,1663.15,1640.95,1648.74,19372700
2018-08-23,1646.84,1655.83,1641.03,1642.77,20767100
2018-08-24,1643.03,1653.82,1634.15,1645.79,20791500
2018-08-27,1651.68,1661.06,1640.53,1649.11,24174000
2018-08-28,1651.4,1668.86,1644.25,1661.74,27925400
2018-08-29,1666.27,1677.03,1657.79,1663.75,27141900
2018-08-30,1660.39,1674.59,1655.63,1665.01,27547800
2018-08-31,1664.48,1668.55,1644.32,1654.94,36874500
2018-09-04,1649.26,1657.5,1638.98,1641.96,37544600
2018-09-05,1644.15,1658.62,1629.48,1651.79,42300800
2018-09-06,1650.74,1652.85,1633.1,1644.71,38267600
2018-09-07,1633.14,1646.36,1630.83,1635.61,28809400
2018-09-10,1641.26,1653.93,1636.82,1647.32,23813500
2018-09-11,1650.32,1660.61,1639.9,1648.97,25034800
2018-09-12,1643.21,1650.53,1634.58,1636.62,26573300
2018-09-13,1632.3,1638.41,1625.07,1631.77,29629400
2018-09-14,1626.7,1630.56,1620.9,1625.04,19909600
2018-09-17,1625.96,1636.4,1616.09,1621.72,26668100
2018-09-18,1618.15,1637.19,1614.75,1630.24,25003200
2018-09-19,1633.07,1639.44,1621.8,1631.53,24494600
2018-09-20,1635.87,1644.22,1629.17,1642.71,25129100
2018-09-21,1646.39,1650.55,1634.11,1637.12,88625900
2018-09-24,1628.93,1642.4,1618.99,1628.99,25974300
2018-09-25,1641.63,1651.18,1627.83,1634.91,20511400
2018-09-26,1635.09,1643.64,1625.09,1627.88,29838900
2018-09-27,1625.79,1639.6,1620.65,1627.94,25780100
2018-09-28,1628.56,1630.82,1619.53,1625.14,28323100
2018-10-01,1631.56,1639.18,1625.43,1631.16,27607600
2018-10-02,1624.51,1649.48,1622.06,1640.96,34637300
2018-10-03,1646.5,1647.48,1626.7,1630.3,25908600
2018-10-04,1627.55,1632.98,1603.87,1619.35,44601600
2018-10-05,1615.29,1621.02,1596.77,1605.72,24613600
2018-10-08,1602.49,1627.08,1591.93,1617.77,39075300
2018-10-09,1627.22,1653.21,1619.31,1640.61,28628900
2018-10-10,1632.63,1646.83,1605.61,1606.33,54266100
2018-10-11,1604.1,1620.76,1577.91,1585.25,59809600
2018-10-12,1604.38,1611.4,1584.94,1605.67,42887800
2018-10-15,1601.82,1608.79,1587.46,1588.59,28677100
2018-10-16,1602.59,1624.47,1597.88,1620.58,40174900
2018-10-17,1615.44,1632.17,1603.99,1626.96,30855700
2018-10-18,1627.24,1636.66,1604.83,1613.25,43413100
2018-10-19,1613.18,1637.28,1611.28,1626.98,26885700
2018-10-22,1631.32,1637.1,1620.59,1628.48,31110500
2018-10-23,1614.55,1640.14,1606.47,1636.59,38151700
2018-10-24,1633.45,1652.68,1612.48,1616.3,40980400
2018-10-25,1628.38,1657.78,1616.32,1649.32,52035900
2018-10-26,1626.21,1658.41,1616.3,1638.74,85071600
2018-10-29,1648.75,1678.43,1616.33,1632.02,78647200
2018-10-30,1633.09,1669.32,1628.83,1666.84,65498800
2018-10-31,1675.05,1685.33,1647.32,1655.51,52082700
2018-11-01,1651.61,1667.86,1644.55,1656.68,30632700
2018-11-02,1661.28,1672.05,1648.69,1661.41,37498100
2018-11-05,1658.85,1682.47,1641.93,1673.81,49418600
2018-11-06,1669.4,1687.42,1663.33,1683.46,25475000
2018-11-07,1691.4,1709.02,1683.51,1706.66,42071600
2018-11-08,1706.13,1717.29,1696.68,1709.55,30355200
2018-11-09,1708.26,1719.02,1699.55,1712.15,28161800
2018-11-12,1710,1718.36,1679.4,1684.29,30764600
2018-11-13,1683.46,1693.09,1666.8,1672.88,31302200
2018-11-14,1677.92,1681.05,1649.21,1659.08,33025600
2018-11-15,1668.39,1682.46,1622.31,1643.33,40089400
2018-11-16,1633.52,1642.8,1608.78,1621.55,36088300
2018-11-19,1622.97,1627.63,1592.62,1597.82,38297100
2018-11-20,1570.99,1583.7,1554.02,1570.02,50581800
2018-11-21,1575.94,1586.11,1563.06,1574.07,32079200
2018-11-23,1571.09,1589.56,1568.61,1580.04,14669100
2018-11-26,1591.43,1599.34,1579.33,1588.81,40130900
2018-11-27,1584.52,1596.15,1577.16,1586.24,37180400
2018-11-28,1592.29,1629.19,1583.58,1627.19,50522000
2018-11-29,1618.9,1633.95,1615.68,1625.93,30033700
2018-11-30,1627.43,1641.08,1620,1632,52694400
2018-12-03,1645.76,1663.73,1635.27,1648.28,40846500
2018-12-04,1641.61,1649.99,1594.49,1597.02,48048900
2018-12-06,1581.75,1599.28,1559.97,1591.33,56346000
2018-12-07,1585.4,1597.52,1551.93,1562.88,42874400
2018-12-10,1566.5,1578.78,1548.97,1572.38,36879100
2018-12-11,1581.53,1585.62,1564.76,1575.44,28630600
2018-12-12,1585.95,1590.53,1570.35,1571.2,31964100
2018-12-13,1574.25,1583.01,1560.38,1568.97,27785400
2018-12-14,1554.82,1564.76,1546.28,1549.85,35636400
2018-12-17,1541.29,1555.31,1519.47,1529.18,48549900
2018-12-18,1532.73,1545.7,1525.34,1536.73,44890100
2018-12-19,1540.8,1569.3,1520.5,1528.93,51072400
2018-12-20,1522.38,1527.83,1470.85,1488.01,55920900
2018-12-21,1485.49,1517.24,1470.51,1476.16,93123300
2018-12-24,1467.7,1489.04,1457.78,1460.27,32387700
2018-12-26,1471.27,1533,1467.85,1532.7,48513900
2018-12-27,1517.85,1547.52,1496.42,1547.3,43337600
2018-12-28,1554.59,1572.14,1544.28,1550.99,29969400
2018-12-31,1561.66,1570.3,1547.88,1561.94,30676700
2019-01-02,1538.71,1573.03,1538.4,1567.41,31717700
2019-01-03,1564.3,1586.3,1549.62,1552.07,37740900
2019-01-04,1561.51,1579.35,1553.97,1576.83,42640800
2019-01-07,1579.08,1597.22,1568.57,1588.28,40396200
2019-01-08,1596.68,1607.32,1578.65,1598.28,36025100
2019-01-09,1605.8,1610.96,1590.24,1594.38,24792600
2019-01-10,1580.77,1594.18,1568.96,1593.68,30606100
2019-01-11,1591.63,1595.18,1581.8,1587.96,30890800
2019-01-14,1580.52,1592.92,1576.39,1585.05,23957700
2019-01-15,1592.68,1615.24,1590.72,1610.38,30111000
2019-01-16,1607.77,1622.28,1606.42,1612.78,27179900
2019-01-17,1611.93,1626,1608.16,1620.11,25480300
2019-01-18,1625.87,1642.57,1621.66,1633.99,39588100
2019-01-22,1624.09,1639.55,1611.81,1622.1,33262200
2019-01-23,1639.81,1647.7,1619.03,1637.47,21064000
2019-01-24,1632.05,1635.95,1607.01,1632.98,28269500
2019-01-25,1641.01,1645.77,1617.56,1622.76,23517200
2019-01-28,1614.55,1621.53,1604.08,1617.11,26349600
2019-01-29,1614.71,1619.88,1606.17,1610,21100500
2019-01-30,1612.3,1621.16,1584.78,1598.3,28205800
2019-01-31,1600.98,1630.66,1598.38,1618.79,34107400
2019-02-01,1618.41,1623.58,1584.79,1595.07,31839800
2019-02-04,1595.73,1612.79,1588.87,1612.79,52040200
2019-02-05,1615.36,1630.55,1610.23,1626.52,71305500
2019-02-06,1622.43,1631.35,1610.89,1616.39,42327500
2019-02-07,1606.75,1625.94,1599.38,1622.88,41492500
2019-02-08,1614.61,1622.53,1601.12,1608.92,22383000
2019-02-11,1610.35,1621.15,1608.81,1615.76,22013300
2019-02-12,1626.63,1636.76,1622.72,1633.22,32715100
2019-02-13,1638.12,1649.16,1633.57,1643.56,21694000
2019-02-14,1639.94,1660.27,1630.04,1650.51,20273900
2019-02-15,1658.47,1670.36,1650.66,1664.3,30506700
2019-02-19,1689.87,1713.98,1686.38,1690.63,29434000
2019-02-20,1686.71,1693.77,1646.49,1663.06,28003700
2019-02-21,1659.62,1663.02,1645.23,1652.19,29019600
2019-02-22,1658.32,1665.56,1648.96,1658.45,22494000
2019-02-25,1666.7,1667.67,1651.86,1653.36,29732600
2019-02-26,1651.03,1656.12,1636.28,1650.5,30625800
2019-02-27,1641.41,1648.11,1633.5,1644.35,20918100
2019-02-28,1642.76,1663.36,1638.87,1655.41,32880700
2019-03-01,1662.45,1669.48,1636.26,1650.74,30798200
2019-03-04,1654.9,1663.92,1640.98,1652.15,29923400
2019-03-05,1656.01,1674.35,1654.2,1662.37,29505600
2019-03-06,1661.76,1671.57,1654.84,1660.07,22482100
2019-03-07,1653.26,1659.02,1640.93,1646.12,24123000
2019-03-08,1641.56,1658.12,1634.3,1647.33,24899700
2019-03-11,1653.05,1669.92,1650.62,1668.66,34797100
2019-03-12,1670.07,1679.94,1664.79,1673.51,40580100
2019-03-13,1679.73,1686.99,1673.3,1680.83,29236700
2019-03-14,1674.45,1675.87,1661.99,1669.27,23967700
2019-03-15,1672.68,1676.4,1661.46,1671.15,51355100
2019-03-18,1669.45,1687.96,1666.98,1684.79,26488200
2019-03-19,1690,1699.35,1684.32,1691.89,30892200
2019-03-20,1684.23,1698.48,1676.56,1687.4,44994600
2019-03-21,1680.33,1695.64,1677.7,1694.76,24955300
2019-03-22,1687.67,1699.31,1672.34,1676.98,34934200
2019-03-25,1668.73,1681.05,1663.42,1671.46,30420500
2019-03-26,1675.51,1682.36,1664.26,1670.21,38344400
2019-03-27,1668.54,1677.16,1625.02,1653.99,29257300
2019-03-28,1657.68,1660.76,1641.81,1651.55,20852400
2019-03-29,1658.87,1661.17,1648.64,1657.65,26465300
2019-04-01,1666.25,1674.88,1660.99,1668.2,26454800
2019-04-02,1667.86,1675.98,1655.09,1660.73,17706900
2019-04-03,1665.18,1671.36,1659.1,1665.4,21068300
2019-04-04,1666.07,1680.7,1665.24,1678.57,19422000
2019-04-05,1680.09,1690.92,1675.63,1683.7,18731900
2019-04-08,1679.81,1688.84,1674.88,1686.93,18038400
2019-04-09,1679.44,1686.37,1671.32,1678.7,18064000
2019-04-10,1677.95,1692.3,1676.36,1690.41,15058500
2019-04-11,1692.15,1705.94,1688.27,1704.43,15270700
2019-04-12,1708.49,1722.58,1707.83,1717.36,19368600
2019-04-15,1714.55,1734.4,1711.04,1728.03,24292000
2019-04-16,1734.46,1741.95,1728.86,1735.58,17793700
2019-04-17,1738.39,1745.41,1730.1,1741.32,24721000
2019-04-18,1741.77,1750.38,1737.74,1741.63,26895700
2019-04-22,1737.07,1749.99,1727.73,1737.08,16926200
2019-04-23,1739.49,1754.24,1731.53,1750.28,26876900
2019-04-24,1750.91,1760.02,1747.13,1752.32,20910600
2019-04-25,1752.43,1763.36,1743.47,1754.99,22497500
2019-04-26,1723.56,1745.55,1711.89,1736.41,26118300
2019-04-29,1740.85,1747.57,1726.16,1742.19,50393500
2019-04-30,1708.91,1724.31,1701.99,1721.96,124291500
2019-05-01,1721.04,1721.49,1697.39,1698.59,53053200
2019-05-02,1699.26,1708.4,1681.68,1694.35,39217000
2019-05-03,1711.07,1720.34,1703.74,1712.43,39969300
2019-05-06,1691.15,1719.45,1688.81,1717.94,31616500
2019-05-07,1707.55,1715.04,1689.4,1699.83,31363600
2019-05-08,1687.51,1699.13,1681.05,1686.13,26838600
2019-05-09,1672.24,1683.31,1664.8,1676.42,24521300
2019-05-10,1679.23,1708.42,1671.42,1703.38,27705600
2019-05-13,1679.58,1689.42,1656.92,1670.02,37933200
2019-05-14,1674.54,1683.83,1665.91,1670.71,37277500
2019-05-15,1668.84,1688.56,1656.49,1680.82,46279500
2019-05-16,1713.67,1734.22,1691,1701.75,35089100
2019-05-17,1686.35,1709.3,1679.83,1691.12,27154000
2019-05-20,1679.88,1698.38,1673.95,1690.57,28005800
2019-05-21,1693.7,1696.66,1677.81,1689.72,24197500
2019-05-22,1694.09,1707.3,1687.79,1702.7,19708300
2019-05-23,1694.45,1697.49,1677.62,1694.99,24831600
2019-05-24,1700.76,1709.5,1694.45,1701.65,22687400
2019-05-28,1700.63,1717.72,1698.5,1699.07,29168500
2019-05-29,1693.4,1702.54,1679.89,1689.89,31447400
2019-05-30,1693.76,1707.47,1686.12,1691.2,19688700
2019-05-31,1676.31,1686.53,1667.49,1678.05,30733100
2019-06-03,1668.02,1679.94,1652.54,1662.42,102825000
2019-06-04,1671.95,1676.59,1655.76,1674.63,56983100
2019-06-05,1676.41,1700.19,1668.17,1692.61,43914000
2019-06-06,1694.29,1708.5,1687.49,1701.25,35005500
2019-06-07,1704.6,1723.86,1701.82,1718.9,36685600
2019-06-10,1725.86,1746.81,1724.39,1740.01,29959500
2019-06-11,1749.72,1763.25,1741.72,1744.27,29515600
2019-06-12,1743.79,1756.03,1740.58,1753.8,21720400
2019-06-13,1757.88,1767.77,1747.31,1755.46,21853600
2019-06-14,1756.23,1767.47,1750.64,1759.23,22686100
2019-06-17,1760.09,1768.99,1750.26,1762.45,19283300
2019-06-18,1775.08,1779.02,1761.62,1771.55,28165500
2019-06-19,1773.87,1774.8,1759.48,1770.84,27062100
2019-06-20,1778.64,1786.32,1767.71,1781.68,25730800
2019-06-21,1781.22,1806.95,1779.95,1794.13,41121000
2019-06-24,1797.54,1806.68,1789.66,1793.47,28556600
2019-06-25,1788.46,1795.28,1774.01,1778.48,31534700
2019-06-26,1780.06,1784.71,1767.13,1770.11,36456400
2019-06-27,1770.23,1776.36,1753.82,1768.29,20820500
2019-06-28,1773.59,1786,1769.06,1774.23,34483500
2019-07-01,1788.79,1799.36,1772.75,1780.94,29250600
2019-07-02,1784.67,1796.51,1777.79,1796.23,20244000
2019-07-03,1793.32,1810.16,1790.16,1807.65,15671800
2019-07-05,1802.77,1810.18,1793.22,1806.81,25538100
2019-07-08,1804.12,1815.95,1797.31,1810.62,25173700
2019-07-09,1811.15,1821.71,1806.42,1815,27155200
2019-07-10,1819.72,1828.69,1811.29,1820.98,24619600
2019-07-11,1825.95,1835.86,1821.16,1832.88,24225500
2019-07-12,1834.78,1843.58,1827.78,1840.89,17680900
2019-07-15,1842.31,1848.21,1837.48,1846.89,18383100
2019-07-16,1849.58,1855.24,1834.41,1845.28,25020400
2019-07-17,1845.08,1851.46,1836.46,1841.21,23554000
2019-07-18,1836.91,1843.66,1827.15,1842.58,26014600
2019-07-19,1846.52,1850.99,1827.67,1828.28,33162100
2019-07-22,1831.62,1836.21,1808.45,1818.44,26419100
2019-07-23,1823.74,1825.56,1802.24,1812.67,22618300
2019-07-24,1807.56,1820.03,1800.8,1809.12,32069300
2019-07-25,1811.16,1814.75,1799.99,1809.85,44363600
2019-07-26,1837.65,1864.88,1834.27,1856.34,96232300
2019-07-29,1851.29,1854.91,1834.92,1844.34,44631600
2019-07-30,1837.41,1844.33,1832.33,1837.33,29224100
2019-07-31,1834.95,1843.35,1804.2,1815.56,35064600
2019-08-01,1814.06,1841.5,1800.15,1801.94,34778500
2019-08-02,1803.3,1809.79,1781.51,1797.24,33384800
2019-08-05,1773.62,1775.33,1736.79,1743.37,52498700
2019-08-06,1751.15,1775.14,1743.32,1765.46,34900600
2019-08-07,1758.11,1783.63,1743.6,1777.24,29788900
2019-08-08,1778.02,1794.64,1772.12,1790.99,29684100
2019-08-09,1783.6,1790.04,1763.7,1771.58,21722700
2019-08-12,1762.41,1765.67,1737.53,1744.11,20900800
2019-08-13,1743.39,1786.39,1738.87,1776.1,26734800
2019-08-14,1747.57,1778.42,1738.48,1751.59,32918800
2019-08-15,1822.81,1839.27,1795.4,1825.76,31410900
2019-08-16,1845.44,1856.16,1820.09,1832.51,28463000
2019-08-19,1851.92,1862.13,1843.38,1848.45,25656700
2019-08-20,1848,1850.32,1822.88,1823.51,19303300
2019-08-21,1848.72,1851.62,1823.13,1825.96,16911000
2019-08-22,1828.88,1836.82,1814.26,1824.12,19875900
2019-08-23,1818.43,1825.59,1790.57,1799.65,34311600
2019-08-26,1809.87,1821.77,1804.62,1818.41,25230200
2019-08-27,1826.98,1832,1810.6,1822.97,22294000
2019-08-28,1819.43,1833.14,1811.18,1827.36,16915400
2019-08-29,1847.4,1856.54,1837.28,1849.74,22397000
2019-08-30,1861.99,1866.3,1844.78,1850.28,23305200
2019-09-03,1840.19,1861.81,1833.69,1848.4,30188800
2019-09-04,1862.99,1868.17,1851.28,1866.96,22146400
2019-09-05,1890.21,1900.2,1862.86,1871.06,28758500
2019-09-06,1870.03,1874.77,1858.9,1860.94,21878100
2019-09-09,1858.07,1887.01,1853.22,1878.86,30038100
2019-09-10,1872.08,1887.73,1866.01,1876.11,25665900
2019-09-11,1874.73,1888.69,1865.46,1880.21,26668800
2019-09-12,1888.73,1899.04,1879.79,1894.9,34806800
2019-09-13,1896.72,1911.4,1892.92,1902.34,26631800
2019-09-16,1889.03,1899.37,1874.67,1878.65,21928800
2019-09-17,1875.57,1892.54,1872.63,1888.65,19649200
2019-09-18,1892.66,1898.89,1880.9,1897.08,23044200
2019-09-19,1899.77,1908.4,1892.61,1898.62,20204900
2019-09-20,1899.57,1906.1,1890.06,1894.31,46793000
2019-09-23,1888.87,1913.4,1887.69,1902.83,21866200
2019-09-24,1911.9,1932.29,1899.89,1906.85,32488600
2019-09-25,1906.74,1919.82,1897.39,1916.4,29424000
2019-09-26,1918.71,1928.21,1908.72,1912.87,31017400
2019-09-27,1923.73,1924.28,1898.09,1909.4,27295000
2019-09-30,1910.64,1921.01,1906.69,1910.19,28287300
2019-10-01,1912.15,1918.92,1894.4,1896.35,25741600
2019-10-02,1888.68,1890.4,1860.25,1867.75,32844500
2019-10-03,1866.06,1879.42,1845.76,1873.44,32839400
2019-10-04,1875.74,1903.49,1872.49,1901.13,23704000
2019-10-07,1898.99,1905.58,1884.89,1890.09,17499600
2019-10-08,1882.18,1906.03,1877.76,1888.3,21408600
2019-10-09,1898.36,1913.96,1895.98,1907.86,17787600
2019-10-10,1906.39,1922.66,1902.57,1917.62,17479800
2019-10-11,1925.35,1936.3,1909.04,1926.91,26181300
2019-10-14,1921.51,1932.79,1912.76,1915.22,17942700
2019-10-15,1918.07,1934,1912.82,1927.42,28000700
2019-10-16,1924.32,1937.65,1921.03,1926.32,22216300
2019-10-17,1931.46,1941.94,1927.55,1934,19445400
2019-10-18,1941.05,1944.46,1922.06,1923.59,27628000
2019-10-21,1927.57,1934.33,1918.41,1930.65,20825200
2019-10-22,1931.32,1936.99,1925.09,1927.7,20633600
2019-10-23,1922.93,1936.16,1917.42,1930.24,18450000
2019-10-24,1928.63,1934.41,1919.09,1928.12,20765600
2019-10-25,1923.82,1933.5,1914.44,1928.78,24397200
2019-10-28,1934.59,1947.34,1925.5,1938.89,52374800
2019-10-29,1926.36,1930.69,1904.22,1906.74,38031100
2019-10-30,1904.04,1922.75,1902.23,1917.11,28336900
2019-10-31,1915.21,1921.19,1899.38,1907.21,29520400
2019-11-01,1916.25,1919.89,1906.97,1915.64,33613300
2019-11-04,1925.34,1939.01,1911.43,1920.79,30377400
2019-11-05,1922.54,1940.89,1915.22,1935.5,25998400
2019-11-06,1934.33,1944.6,1930.7,1942.61,23341600
2019-11-07,1949.03,1968.89,1943.83,1956.31,40842300
2019-11-08,1956.05,1966.64,1940.34,1948.32,25319800
2019-11-11,1937.33,1948.87,1930.72,1939.9,20719200
2019-11-12,1946.46,1954.23,1936.21,1940.71,22300400
2019-11-13,1939.63,1967.72,1933.8,1961.42,18244100
2019-11-14,2002.24,2017.25,1944.08,1962.04,32805800
2019-11-15,1964.82,1973.61,1937.47,1949.76,37065400
2019-11-18,1944.21,1972.39,1936.99,1960.62,30460200
2019-11-19,1961.34,1964.16,1951.99,1954.88,25654500
2019-11-20,1957.27,1961.38,1930.21,1942.3,26659700
2019-11-21,1938.42,1955.17,1933.85,1949.96,20369700
2019-11-22,1954.62,1957.32,1940.1,1942.41,27979300
2019-11-25,1950.86,1955.04,1926.92,1941.19,21542500
2019-11-26,1942.67,1948.13,1935.4,1946.48,22300300
2019-11-27,1949.21,1954.9,1940.03,1941.49,20206000
2019-11-29,1943.84,1954.17,1941.21,1942.55,12157200
2019-12-02,1941.96,1946.11,1920.65,1939.77,30745600
2019-12-03,1926.45,1938.91,1919.14,1934.62,23807700
2019-12-04,1943.49,1950.49,1933.56,1943.06,31248100
2019-12-05,1941.81,1946.96,1927.5,1945.2,24641600
2019-12-06,1951.68,1963.23,1949.87,1961.89,26651900
2019-12-09,1958.67,1969,1954.24,1958.15,27510900
2019-12-10,1957.36,1962.52,1951.86,1956.05,22297100
2019-12-11,1961,1963.92,1948.55,1954.63,17365700
2019-12-12,1954.93,1970.63,1949.54,1964.9,25953800
2019-12-13,1957.43,1975.84,1954.52,1970.08,31453200
2019-12-16,1974.4,1987.5,1973.13,1977.29,28453700
2019-12-17,1982.43,1991.51,1975.8,1983.54,37361300
2019-12-18,1986.58,1989.8,1966.08,1966.84,30876700
2019-12-19,1967.45,1975.96,1964.72,1970.48,29735100
2019-12-20,1988.58,1995.88,1967.52,1970.78,66775500
2019-12-23,1971.86,1978.63,1955.47,1956.47,18222800
2019-12-24,1957.47,1963.31,1954.24,1960.08,7298300
2019-12-26,1962.07,1969.79,1954.13,1965.8,14002300
2019-12-27,1971.37,1971.89,1959.11,1963.79,21068300
2019-12-30,1965.51,1966.61,1952.68,1956.43,21223500
2019-12-31,1955.54,1961.52,1940.55,1950.47,19853300
2020-01-02,1952.23,1972.58,1950.42,1961.75,28934000
2020-01-03,1947.72,1961.77,1939.38,1947.77,24334600
2020-01-06,1938.7,1962.08,1931.69,1956.44,35240500
2020-01-07,1953.43,1958.03,1939.09,1944.08,30824100
2020-01-08,1940.84,1952.34,1933.56,1943.56,31119800
2020-01-09,1949.14,1964.85,1944.78,1962.15,30529300
2020-01-10,1963.54,1967.2,1946.48,1954.82,36914000
2020-01-13,1957.07,1960.52,1942.5,1952.76,33606600
2020-01-14,1948.23,1957.27,1940.72,1953.07,31866000
2020-01-15,1935.96,1953.44,1934.76,1946.22,26715100
2020-01-16,1951.56,1957.92,1946.86,1957.49,24080300
2020-01-17,1963.13,1972.36,1946.09,1957.54,48965500
2020-01-21,1953.08,1969.57,1949.47,1965.75,41392500
2020-01-22,1964.16,1982.67,1961.48,1971.78,32590500
2020-01-23,1973.59,1977.51,1958.94,1968.94,27364800
2020-01-24,1973.51,1974.52,1943.26,1946.19,35960200
2020-01-27,1920.54,1956.18,1911.49,1950.64,35798800
2020-01-28,1955.2,1969.86,1951.15,1965.37,31985200
2020-01-29,1967.23,1975.69,1955.61,1959.9,21882200
2020-01-30,1950.55,1968.7,1946.11,1966.62,27177000
2020-01-31,1962.74,1968.17,1927.74,1936.19,48965400
2020-02-03,1950.47,1965.94,1940.75,1952.42,60891400
2020-02-04,1952.69,1968.09,1938.02,1949.61,78833900
2020-02-05,1958.79,1973.95,1939.17,1966.76,40128500
2020-02-06,1967.76,1983.38,1959.08,1971.36,34011900
2020-02-07,1965.99,1979.73,1961.85,1973.95,23734600
2020-02-10,1964.62,1990.69,1957.04,1971.78,29055300
2020-02-11,1974.93,1982.15,1961.76,1973.25,27509700
2020-02-12,1976.43,1988.57,1973,1981.52,23827400
2020-02-13,1979.43,2002.96,1973.6,1997.28,19339900
2020-02-14,2000.08,2011.72,1991.59,2004.38,25298200
2020-02-18,2008.6,2030.62,1995.75,2022.88,25198100
2020-02-19,2023.43,2030.7,2002.4,2004.34,20301100
2020-02-20,1997.58,2010.03,1988.11,2001.26,22499900
2020-02-21,1994.89,2010.55,1983.42,1998.91,35192100
2020-02-24,1965.66,1980.66,1943.83,1951.75,57722500
2020-02-25,1956.18,1965.86,1913.2,1919.03,50170500
2020-02-26,1925.16,1937.24,1907.67,1914.09,44550700
2020-02-27,1889.66,1909.71,1849.74,1850.62,60317700
2020-02-28,1806.68,1838.26,1768,1828.41,77766600
2020-03-02,1832.02,1942.14,1819.79,1935.81,51540400
2020-03-03,1941.59,1961.25,1876.9,1886.48,49314700
2020-03-04,1907.38,1945.94,1893.28,1944.63,39136500
2020-03-05,1905.96,1940.62,1885.37,1912.37,51934000
2020-03-06,1875.52,1930.24,1860.36,1920.01,54107600
2020-03-09,1851.3,1944.28,1837.27,1892.35,70145200
2020-03-10,1917.3,1953.28,1868.07,1942.98,53726200
2020-03-11,1907.33,1928.1,1836.86,1861.52,53224100
2020-03-12,1737.82,1821.49,1699.21,1711.78,86593800
2020-03-13,1779.88,1865.08,1710.67,1859.4,75375000
2020-03-16,1718.83,1806.38,1675.59,1732.69,85925900
2020-03-17,1804.36,1890.78,1766.51,1887.39,79210600
2020-03-18,1819.32,1986.48,1807.87,1919.14,88507400
2020-03-19,1940.18,1988.39,1850.99,1888.11,75461900
2020-03-20,1894.79,1935.33,1785.84,1811.93,74367300
2020-03-23,1811.04,1853.2,1774.35,1810.9,81939600
2020-03-24,1843.4,1870.18,1786.9,1843.08,68388000
2020-03-25,1817.1,1835.96,1748.35,1768.92,83540300
2020-03-26,1771.85,1807.06,1737.19,1792.57,74026000
2020-03-27,1784.37,1816.93,1760.96,1773.63,65292300
2020-03-30,1804.15,1857.65,1784.84,1849.2,52394900
2020-03-31,1839.24,1869.51,1817.25,1836.06,50492500
2020-04-01,1806.56,1847.82,1795.02,1824.4,47821700
2020-04-02,1811.16,1888.12,1800.88,1881.03,40510900
2020-04-03,1863.86,1896.49,1850.23,1883.94,47241700
2020-04-06,1891.02,1992.56,1887.44,1986.56,55621900
2020-04-07,1972.71,2002.78,1933.97,1939.28,49697600
2020-04-08,1964.88,1970.06,1923.69,1944.75,40580300
2020-04-09,1907.74,1961.27,1892.78,1944.65,44863100
2020-04-13,1937.86,1991.82,1930.12,1986.68,35718400
2020-04-14,2015.74,2057.91,2001.08,2044.99,50698600
2020-04-15,2037.86,2058.45,2014.58,2040.13,34260200
2020-04-16,2046.47,2093.17,2028.4,2081.78,51471100
2020-04-17,2078.4,2098.41,2054.06,2085.25,40319200
2020-04-20,2084.67,2099.3,2051.44,2054.03,34871900
2020-04-21,2050.7,2063.93,2017.41,2031.57,44053000
2020-04-22,2049.38,2088.76,2035.62,2073.02,42347200
2020-04-23,2055.47,2076.26,2029.22,2041.62,32766000
2020-04-24,2046.54,2058.59,2033.9,2053.1,33297800
2020-04-27,2064.63,2068.24,2035.37,2038.97,32564800
2020-04-28,2042.45,2064.95,2018.83,2022.74,59429200
2020-04-29,2028.15,2036.37,1988.89,2006.12,77315600
2020-04-30,1995.06,2008.09,1971.18,1985.5,55058600
2020-05-01,1978.04,2010.58,1964.47,1991.67,42730300
2020-05-04,1998.14,2010.8,1971.12,2002.62,30660200
2020-05-05,2007.36,2035.48,2001.11,2022.06,33653100
2020-05-06,2030.91,2037.17,1999.73,2004.83,24983400
2020-05-07,2012.72,2022.35,1987.23,1997.3,29400800
2020-05-08,2010.42,2018.47,1995.23,2014.25,28593900
2020-05-11,2011.99,2038.93,2011.28,2027.38,29478300
2020-05-12,2037.69,2053.45,2019.09,2019.42,28531500
2020-05-13,2016.71,2050.22,1996.15,2009.97,37533800
2020-05-14,2018.15,2028.58,1974.53,2008.94,32907400
2020-05-15,2007.46,2043.43,1999.57,2042.86,35758200
2020-05-18,2056.9,2078.6,2038.64,2065.73,38656200
2020-05-19,2112.92,2117.27,2030.27,2031.85,35731700
2020-05-20,2054.38,2062.3,2032.74,2048.34,34809200
2020-05-21,2042.49,2058.96,2030.49,2041.82,28692900
2020-05-22,2041.05,2049.15,2024.56,2036.97,27228000
2020-05-26,2046.11,2060.35,2029.64,2033.84,41964300
2020-05-27,2035.08,2042.43,1993.62,2018.79,35271200
2020-05-28,2025.58,2053.98,2019.04,2031.84,34809600
2020-05-29,2038.09,2048.56,2011.13,2040.08,37705900
2020-06-01,2029.66,2046.98,2017.5,2039.92,25287500
2020-06-02,2035.45,2044.73,2022.76,2042.26,26350100
2020-06-03,2041.51,2045.32,2024.86,2036.12,26016100
2020-06-04,2026.65,2041.66,2007.11,2012.84,30746400
2020-06-05,2018.26,2030.4,1986.37,2015.76,37093000
2020-06-08,1988.43,2015.56,1987.05,2015.08,29630700
2020-06-09,2018.61,2030.85,2006.39,2019.61,29020100
2020-06-10,2023.14,2038.81,2017.29,2021.15,31913800
2020-06-11,2011.12,2032.83,1980.44,1987.81,41422100
2020-06-12,2000.97,2006.55,1948.29,1965.14,40394800
2020-06-15,1964.66,1979.58,1948.33,1971.21,31992600
2020-06-16,1998.97,2007.17,1978.45,1996.49,35198400
2020-06-17,2000.39,2007.82,1978.89,1992.62,31712700
2020-06-18,1986.57,1993.15,1969.29,1976.09,32337600
2020-06-19,1988.82,2005.61,1968.34,1994.99,64555600
2020-06-22,2006.43,2027.05,1998.16,2022.23,32165900
2020-06-23,2035.36,2043.46,2012.08,2019.88,29342400
2020-06-24,2015.25,2024.28,1991.41,2000.14,35786000
2020-06-25,1993.49,2002.45,1974.84,1996.96,25547400
2020-06-26,1992.33,2006.68,1947.9,1953.92,85826900
2020-06-29,1955.32,1981.03,1948.41,1973.96,36620000
2020-06-30,1974.18,1994.02,1964.47,1988.42,41416200
2020-07-01,1983.91,2000.09,1974.72,1995.8,36108300
2020-07-02,2003.28,2024.46,1989.59,1999.81,37647000
2020-07-06,2011.7,2021.86,1991.94,2007.36,32105100
2020-07-07,2000.57,2109.55,1995.69,2091.97,42673600
2020-07-08,2106.74,2112.2,2064.01,2068.16,30457500
2020-07-09,2084.74,2118.57,2071.01,2109.77,31836800
2020-07-10,2119.05,2160.84,2099.34,2152.49,39947200
2020-07-13,2162.49,2197.12,2120.12,2129.16,39532900
2020-07-14,2119.43,2166.18,2114.23,2159.92,32903800
2020-07-15,2163.71,2188.51,2138.84,2157.49,33906100
2020-07-16,2153.44,2167.2,2139.77,2161,30952100
2020-07-17,2175.25,2175.87,2146.3,2155.04,29758300
2020-07-20,2157.47,2184.84,2144.4,2169.26,31740500
2020-07-21,2177.59,2204.36,2165.02,2176.16,25378000
2020-07-22,2179.54,2187.95,2159.39,2183.33,19403200
2020-07-23,2186.4,2189.85,2147.52,2153.95,33030000
2020-07-24,2140.64,2163.07,2132.14,2148.19,31184400
2020-07-27,2145.22,2166.23,2145.07,2154.08,25356100
2020-07-28,2155.61,2165.85,2139.93,2150.18,34381400
2020-07-29,2149.95,2161.67,2129.27,2145.59,22632200
2020-07-30,2123.01,2147.95,2113.59,2142.44,33742500
2020-07-31,2128.38,2134.6,2088.65,2118.28,69174900
2020-08-03,2125.43,2129.28,2100.19,2114.81,46870500
2020-08-04,2119.31,2145.26,2105.34,2137.7,38551400
2020-08-05,2125.87,2133.53,2105.75,2120.07,40491100
2020-08-06,2111.86,2134.41,2108.81,2123.88,40199500
2020-08-07,2126.34,2141.76,2114.85,2128.74,32035100
2020-08-10,2129.29,2158.27,2117.85,2150.37,26451200
2020-08-11,2157.05,2165.96,2120.24,2126.25,30291500
2020-08-12,2131.07,2159.73,2115.47,2153.99,29436400
2020-08-13,2147.67,2165.05,2141.51,2157.45,29848000
2020-08-14,2161.97,2171.08,2149.79,2162.25,27912600
2020-08-17,2184.09,2207.63,2176.28,2199.17,30544100
2020-08-18,2208.23,2236.51,2173.89,2202.7,48568600
2020-08-19,2195.38,2207.21,2166,2173.42,35564000
2020-08-20,2158.76,2182.86,2144.15,2164.96,35288500
2020-08-21,2163.09,2193.56,2155.01,2176.08,30093800
2020-08-24,2187.61,2197.1,2161.83,2175.48,28961200
2020-08-25,2167.53,2182.69,2155.14,2174.83,45521600
2020-08-26,2170.22,2195.66,2163.1,2191.25,80113900
2020-08-27,2195.9,2287.21,2184,2250.03,54407400
2020-08-28,2298.14,2303.58,2262.16,2294.06,36805400
2020-08-31,2264.03,2279.66,2236.47,2274.44,39462500
2020-09-01,2301.31,2404.59,2287.03,2380.54,50990300
2020-09-02,2425.84,2446.31,2360.28,2404.07,53094800
2020-09-03,2386.9,2419.15,2300.55,2339.92,64183600
2020-09-04,2328.26,2346.61,2259.04,2304.07,53387600
2020-09-08,2269.3,2284.68,2231.93,2235.5,53431500
2020-09-09,2262.23,2294.5,2248.06,2259.94,37226100
2020-09-10,2263.12,2276.19,2212.57,2217.1,34266700
2020-09-11,2221.16,2249.6,2191.57,2212.14,33361200
2020-09-14,2211.86,2275.71,2201.34,2218.68,37199200
2020-09-15,2234.42,2251.66,2215.65,2226.46,28488700
2020-09-16,2242.88,2248.02,2204.59,2207.31,27829300
2020-09-17,2189.73,2217.9,2176.75,2203.85,39592900
2020-09-18,2201.83,2215.73,2163.11,2176.62,64701300
2020-09-21,2183.88,2195.08,2159.66,2187.78,59886600
2020-09-22,2193.79,2221.76,2183.13,2212.76,33531500
2020-09-23,2218.51,2221.92,2166.19,2170.47,34033100
2020-09-24,2166.19,2199.98,2158.3,2182.71,30620600
2020-09-25,2182.03,2199.24,2169.63,2194.56,27513300
2020-09-28,2202.65,2213.59,2189.69,2200.54,40774900
2020-09-29,2202.39,2214.46,2188.91,2200.73,21633900
2020-09-30,2202.78,2259.43,2198.4,2232.3,35957600
2020-10-01,2247.11,2292.39,2239.32,2274.78,38404300
2020-10-02,2257.52,2272.81,2228.82,2235.38,26957900
2020-10-05,2246.82,2264,2243.7,2258.89,22767700
2020-10-06,2256.38,2272.07,2229.44,2235.31,25916300
2020-10-07,2245.87,2250.73,2225.64,2240.53,35378100
2020-10-08,2249.1,2263.45,2244.58,2253.87,24254600
2020-10-09,2260.04,2286.1,2257.26,2279.34,29109800
2020-10-12,2290.94,2334.08,2287.56,2313.24,50029500
2020-10-13,2322.8,2346.53,2312.55,2336.45,32988200
2020-10-14,2340.56,2344.96,2301.7,2309.39,39141400
2020-10-15,2292.99,2323.11,2289.45,2313.15,31136400
2020-10-16,2325.12,2338.52,2313.69,2319.6,29244100
2020-10-19,2326.4,2331.97,2282.95,2287.32,32510600
2020-10-20,2298.12,2330.19,2292.04,2304.83,45094700
2020-10-21,2309.66,2345.67,2309.12,2322.45,51551700
2020-10-22,2319.97,2333.59,2300.45,2320.07,29015000
2020-10-23,2328.29,2335.59,2313.89,2331.9,27739500
2020-10-26,2315.28,2322.86,2277.94,2296.22,37453100
2020-10-27,2296.75,2318.98,2291.61,2308.79,24894400
2020-10-28,2272.71,2286.42,2245.86,2248.32,37107600
2020-10-29,2249.76,2285.44,2235.06,2263.38,40379300
2020-10-30,2290.14,2305.27,2247.09,2268.05,86803800
2020-11-02,2290.92,2304.34,2269.4,2288.03,51008200
2020-11-03,2303.9,2341.92,2297.96,2322.69,33628800
2020-11-04,2329.88,2382.02,2325.84,2347.65,71667600
2020-11-05,2381.23,2388.22,2359.02,2369.36,41586400
2020-11-06,2375.83,2402.68,2362.1,2394.05,33654000
2020-11-09,2428.58,2440.26,2368.11,2369.82,46329600
2020-11-10,2361,2401.59,2353.7,2383.99,53069900
2020-11-11,2402.31,2429.86,2395.67,2415.09,26045700
2020-11-12,2418.93,2428.51,2402.88,2416.84,25299100
2020-11-13,2427.36,2457.42,2407.16,2451.61,30711100
2020-11-16,2449.65,2490.75,2434.45,2474.15,27468500
2020-11-17,2451.13,2484.26,2433.1,2436.28,27000700
2020-11-18,2440.01,2462.89,2424.52,2425.19,24898600
2020-11-19,2426.49,2470.18,2424.42,2464.6,25754700
2020-11-20,2454.47,2475.11,2431.49,2436.39,46844300
2020-11-23,2440.33,2453.25,2418.5,2441.62,43672300
2020-11-24,2449.2,2465.67,2431.85,2457.87,32073900
2020-11-25,2458.04,2472.58,2452.03,2463.94,21418300
2020-11-27,2468.08,2484.83,2456.19,2468.75,18073900
2020-11-30,2464.67,2481.97,2439.13,2471.05,38069400
2020-12-01,2484.61,2502.3,2461.34,2481.95,35569400
2020-12-02,2474.82,2494.44,2444.54,2468.69,25669500
2020-12-03,2464.67,2472.73,2443.43,2454.85,26000900
2020-12-04,2456.38,2459.4,2432.58,2451,28430000
2020-12-07,2442.96,2453.44,2424.09,2439.29,27126700
2020-12-08,2427.81,2459.3,2421,2453.72,22987800
2020-12-09,2457.5,2465.15,2419.03,2428.8,30890400
2020-12-10,2418.18,2426.56,2395.09,2412.2,28112000
2020-12-11,2406.67,2420.6,2394.8,2414.07,25052600
2020-12-14,2419.45,2427.45,2388.04,2391.81,33078600
2020-12-15,2391.91,2403.56,2379.59,2393.69,31492100
2020-12-16,2402.72,2410.09,2384.2,2390.58,31454500
2020-12-17,2399.42,2404.75,2379.13,2392.8,34065300
2020-12-18,2400.64,2407.17,2372.91,2385.38,81503900
2020-12-21,2374.46,2396.86,2364.7,2388.58,37547000
2020-12-22,2377.86,2390.89,2348.23,2363.71,22539800
2020-12-23,2357.98,2372.29,2343.21,2355.85,21768800
2020-12-24,2360.28,2373.47,2354.29,2361.21,7564300
2020-12-28,2371.59,2398.97,2361.93,2392.99,28596600
2020-12-29,2401.68,2405.62,2368.16,2376.88,26667100
2020-12-30,2384.41,2388.45,2361.47,2368.87,26859400
2020-12-31,2367.69,2376.58,2352.78,2372.81,21091200
2021-01-04,2376.41,2405.98,2358.96,2390.83,39521800
2021-01-05,2390.49,2403.39,2364.75,2386.51,24550000
2021-01-06,2366.06,2414.82,2363.95,2394.45,52552400
2021-01-07,2406.74,2424.91,2388.25,2412.29,45814400
2021-01-08,2415.08,2424.01,2398.3,2419.02,41815800
2021-01-11,2404.76,2429.45,2395.91,2412.26,25729300
2021-01-12,2426.78,2445.23,2409.53,2423.91,28236200
2021-01-13,2418.77,2431.31,2403.95,2409.79,22528100
2021-01-14,2413.6,2422.91,2386.98,2399.56,24806400
2021-01-15,2378.7,2393.19,2356.78,2372.48,29393300
2021-01-19,2378.01,2402.6,2352.63,2377.82,35611800
2021-01-20,2394.35,2442.84,2384.64,2435.13,50432700
2021-01-21,2437.51,2454.89,2421.13,2429.6,41553400
2021-01-22,2439.35,2463.7,2429.13,2449.11,26236300
2021-01-25,2445.86,2458.67,2414.8,2447.24,39064600
2021-01-26,2437.38,2473.96,2433.94,2467.87,26735800
2021-01-27,2449.72,2462.2,2386.41,2397.36,55863000
2021-01-28,2408.84,2448.13,2399.37,2408.12,36232900
2021-01-29,2395.79,2406,2352.2,2362.9,34023900
2021-02-01,2373.97,2405.59,2354.46,2374.1,33190600
2021-02-02,2387.24,2424.97,2380.75,2399.73,46356300
2021-02-03,2453.8,2485.32,2432.45,2458.39,82515000
2021-02-04,2464.06,2482.28,2448.34,2469.25,37494600
2021-02-05,2481.89,2508.91,2468.03,2502.03,31449800
2021-02-08,2509.8,2524.63,2493.07,2507.08,25392000
2021-02-09,2496.86,2525.32,2496.84,2511.91,18571100
2021-02-10,2516.03,2522.21,2480.04,2498.65,23539200
2021-02-11,2500.41,2509.84,2487.31,2497.75,19388700
2021-02-12,2497.03,2508.91,2489.14,2505.63,17689300
2021-02-16,2521.06,2544.4,2510.45,2524.83,24507900
2021-02-17,2505.8,2548.57,2503.8,2543.38,23051800
2021-02-18,2451.37,2477.73,2433.31,2440.4,39332900
2021-02-19,2442.66,2463.72,2432.53,2440.91,31599000
2021-02-22,2421.18,2436.97,2403.75,2419.73,29369400
2021-02-23,2398.03,2423.39,2367.79,2399.22,34942100
2021-02-24,2391.77,2418.24,2361.3,2385.94,29397900
2021-02-25,2373.6,2393.95,2338.51,2347.36,38218000
2021-02-26,2350.31,2362.03,2319.95,2329,44009200
2021-03-01,2353.89,2376.07,2345.04,2361.87,30370000
2021-03-02,2361.14,2385.09,2343.85,2346.73,24695500
2021-03-03,2337.01,2350.07,2293.96,2301.13,32796800
2021-03-04,2302.48,2346.8,2285.17,2309.59,44976300
2021-03-05,2312.51,2360.37,2300.64,2350.07,45349400
2021-03-08,2349.12,2365.68,2301.27,2303.03,35668600
2021-03-09,2331.12,2345.36,2317.22,2325.02,35581400
2021-03-10,2332.59,2376.29,2312.89,2359.28,29462400
2021-03-11,2379,2401.28,2359.71,2383.05,27460800
2021-03-12,2374.82,2397.33,2355.29,2381.94,35794000
2021-03-15,2388.41,2390.41,2361.19,2376.68,27274000
2021-03-16,2375.53,2408.43,2371.91,2386.81,30559300
2021-03-17,2371.09,2391.27,2356.86,2374.95,27199300
2021-03-18,2351.31,2365.22,2327.7,2329.6,28985200
2021-03-19,2333.17,2361.77,2321,2349.99,50134600
2021-03-22,2341.9,2363.37,2335.49,2354.78,39950400
2021-03-23,2353.34,2388.1,2347.52,2376.6,29015900
2021-03-24,2386.56,2391.68,2362.89,2364.9,24378200
2021-03-25,2366.33,2384.97,2348.71,2373.73,29886600
2021-03-26,2371.42,2388.71,2355.66,2381.91,31359900
2021-03-29,2377.56,2410.27,2368.46,2405.74,26569600
2021-03-30,2402.84,2420.99,2388.55,2395.89,22631900
2021-03-31,2395.38,2422.57,2388.37,2402.12,30322800
2021-04-01,2414.98,2442.81,2408.32,2427.82,35034800
2021-04-05,2445.11,2514.3,2439.3,2502.12,45308800
2021-04-06,2497.6,2522.4,2488.5,2508.53,28971200
2021-04-07,2511.11,2527.47,2504.19,2515.7,26675900
2021-04-08,2533.9,2543.14,2517.63,2521.36,27901800
2021-04-09,2516.96,2534.95,2506.49,2530.54,21995800
2021-04-12,2525.35,2532.28,2506.66,2517.99,31933900
2021-04-13,2520.77,2529.29,2509.22,2518.87,24020600
2021-04-14,2519.58,2524.19,2501.82,2513.18,21500300
2021-04-15,2523.14,2546.11,2516.62,2538.9,28409300
2021-04-16,2548.81,2550.98,2529.31,2543.9,24259900
2021-04-19,2538.3,2552.06,2529.72,2536.75,25510900
2021-04-20,2536.1,2560.36,2515.14,2543.92,23249600
2021-04-21,2540.3,2553.82,2526.92,2547.96,24617800
2021-04-22,2546.72,2554.81,2514.84,2522.1,22095000
2021-04-23,2522.82,2552.82,2519.93,2544.07,29674900
2021-04-26,2546.1,2555.89,2520.99,2529.1,22182300
2021-04-27,2533.87,2543.92,2516.1,2525.58,32422200
2021-04-28,2567.2,2588.9,2548.68,2551.08,59917600
2021-04-29,2564.15,2595.82,2560.5,2589.27,40089800
2021-04-30,2579.18,2591.64,2572.3,2583.6,39688000
2021-05-03,2578.25,2615.55,2570.48,2599.06,34978200
2021-05-04,2582.66,2591.5,2544.06,2567.96,35691500
2021-05-05,2573.83,2584.45,2562.05,2567.77,22647800
2021-05-06,2559.28,2586.26,2550.3,2582.62,21322100
2021-05-07,2596.25,2604.11,2569.26,2581.62,24545300
2021-05-10,2574.02,2591.49,2555.74,2563.7,27444800
2021-05-11,2543.54,2556.02,2514.33,2537.37,33299700
2021-05-12,2511.03,2521.95,2468.24,2472.3,35992900
2021-05-13,2484.41,2518.37,2472.1,2504.86,27614000
2021-05-14,2522.97,2549.48,2515.65,2540.21,27159000
2021-05-17,2542.1,2551.89,2523.81,2536.03,20897900
2021-05-18,2588.56,2601.86,2551.53,2558.67,25990600
2021-05-19,2530.51,2582.31,2528.02,2560.93,22573500
2021-05-20,2564.72,2591.88,2553.86,2585.59,25915400
2021-05-21,2590.72,2597.57,2571.67,2574.31,24077200
2021-05-24,2583.6,2611.78,2576.75,2600.29,22162900
2021-05-25,2606.33,2620.06,2591.95,2607.06,20155900
2021-05-26,2609.12,2626.67,2602.75,2615.67,22782700
2021-05-27,2628.71,2633.26,2597.59,2597.81,43286300
2021-05-28,2608.41,2616.17,2599.5,2604.98,25121100
2021-06-01,2611.19,2623.73,2594.59,2608.95,20377900
2021-06-02,2608.65,2614.66,2582.65,2602.3,18833700
2021-06-03,2591.57,2602.33,2580.06,2597.68,19341400
2021-06-04,2603.92,2625.45,2599.84,2620.22,26343200
2021-06-07,2620.01,2628.4,2601.37,2617.14,24485900
2021-06-08,2619.3,2629.38,2607.42,2613.89,25942000
2021-06-09,2616.38,2625.28,2608.11,2610.36,20916300
2021-06-10,2611.51,2634.98,2611.49,2631.27,31707600
2021-06-11,2636.1,2642.99,2620.97,2636.36,26604600
2021-06-14,2637.87,2644.34,2623.76,2640.26,23107900
2021-06-15,2644.43,2648.06,2625.42,2632.05,23098700
2021-06-16,2632.5,2636.76,2586.43,2601.74,28011800
2021-06-17,2598.75,2626.48,2595.91,2613.21,26550800
2021-06-18,2585.59,2600.73,2565.97,2581.81,55359400
2021-06-21,2588,2609.9,2579.66,2601.42,27153900
2021-06-22,2599.76,2621.25,2596.02,2612.29,21929300
2021-06-23,2603.31,2618.98,2595.22,2597.38,20727600
2021-06-24,2604.62,2619.09,2603.11,2613.68,20483400
2021-06-25,2612.9,2634.23,2606.34,2626.54,34818500
2021-06-28,2621.94,2630.71,2599.2,2621.02,28583900
2021-06-29,2618.7,2626.22,2600.58,2606.45,24137200
2021-06-30,2624.92,2655.41,2608.74,2636.11,28397800
2021-07-01,2626.15,2648.25,2612.62,2628.85,19241500
2021-07-02,2633.28,2667.54,2632.66,2657.13,22901700
2021-07-06,2661.55,2673.51,2648.58,2664.75,22202500
2021-07-07,2668.12,2684.38,2659.12,2665.34,18737300
2021-07-08,2636.12,2673.84,2633.07,2656.19,21012000
2021-07-09,2661.91,2674.02,2657.31,2666.46,15931600
2021-07-12,2672.48,2681.69,2657.41,2672.77,18149800
2021-07-13,2675.01,2696.71,2672.37,2681.71,17777800
2021-07-14,2691,2711.05,2682.6,2700.57,18978000
2021-07-15,2708.5,2715.43,2683.03,2694.37,17635100
2021-07-16,2698.08,2707.01,2683.66,2698.51,16033900
2021-07-19,2690.95,2706.76,2652.19,2672.49,27282300
2021-07-20,2676.61,2708.54,2667.6,2694.87,20109700
2021-07-21,2698.1,2714.65,2679.37,2701.51,15991700
2021-07-22,2701.65,2718.66,2696.3,2709.06,14282700
2021-07-23,2728.66,2771.8,2718.85,2760.15,26908400
2021-07-26,2763.38,2790.56,2749.53,2778.48,23864100
2021-07-27,2785.24,2785.24,2731.23,2752.87,42475200
2021-07-28,2767.31,2784.56,2739.62,2743.72,54888800
2021-07-29,2749.15,2758.08,2741.16,2746.83,19633500
2021-07-30,2727.83,2746.73,2721.56,2737.92,24564900
2021-08-02,2742.94,2748.11,2724.69,2741.67,21210400
2021-08-03,2743.84,2760.62,2726.87,2759.37,20079700
2021-08-04,2754.93,2762.81,2741.42,2747.89,17297200
2021-08-05,2760.99,2781.63,2754.9,2781.06,14894200
2021-08-06,2782.14,2791.57,2767.98,2779.46,15003600
2021-08-09,2785.12,2802.73,2775.63,2791.31,13449800
2021-08-10,2805.13,2828.08,2790.66,2821.42,20488000
2021-08-11,2830.98,2855.73,2819.41,2830.54,20545500
2021-08-12,2821.1,2838.92,2811.08,2827.72,15861600
2021-08-13,2830.47,2842.69,2825.27,2832.43,13661500
2021-08-16,2830.3,2858.6,2808.03,2848.58,24067100
2021-08-17,2838.82,2863.56,2814.07,2833.92,27220200
2021-08-18,2830.84,2860.57,2810.07,2812.15,17648200
2021-08-19,2795.09,2834.99,2790.95,2825,19790200
2021-08-20,2830.11,2855.54,2817.7,2851.36,16854100
2021-08-23,2857.01,2887.52,2844.08,2865.28,21767600
2021-08-24,2869.69,2882.72,2850.94,2862.17,16376500
2021-08-25,2861.96,2873.97,2854.32,2867.64,14771900
2021-08-26,2850.71,2862.86,2838.44,2845.08,16848000
2021-08-27,2846.48,2874.33,2833.17,2859.29,25739600
2021-08-30,2859.81,2890.72,2855.16,2878.66,17781600
2021-08-31,2885.14,2891.37,2870.08,2882.25,28031600
2021-09-01,2878.98,2893.11,2869.48,2882.73,17051400
2021-09-02,2886.86,2896.51,2866.14,2875.28,22840500
2021-09-03,2871.26,2895.91,2862.67,2886.72,19947000
2021-09-07,2883.87,2895.43,2864.16,2875.03,17363900
2021-09-08,2870.92,2885.06,2857.99,2871.03,16796000
2021-09-09,2871.05,2879.6,2851.87,2861.59,16564400
2021-09-10,2873.65,2879.29,2823.63,2829.54,33313700
2021-09-13,2847.01,2861.84,2821.15,2835.85,21200300
2021-09-14,2846.14,2855.04,2820.27,2828.39,19702600
2021-09-15,2829.59,2852.55,2813.28,2847.27,21233100
2021-09-16,2845.45,2854.21,2822.89,2844.09,21201500
2021-09-17,2830.62,2853.37,2804.51,2814.75,64787700
2021-09-20,2780.99,2800.11,2745.73,2774,35902900
2021-09-21,2783.61,2807.4,2772.33,2782.29,19039000
2021-09-22,2790.18,2805.37,2773.93,2791.05,22630700
2021-09-23,2802.05,2811.74,2790.23,2799.89,18036400
2021-09-24,2789.35,2818.19,2788.35,2810.92,15599300
2021-09-27,2798.52,2813.12,2779.04,2791.97,20131500
2021-09-28,2766.51,2772.99,2718.15,2727.28,42744200
2021-09-29,2737.07,2750.71,2708.24,2711.82,27284800
2021-09-30,2711.99,2733.59,2686.98,2690.58,36079200
2021-10-01,2692.05,2727.39,2659.3,2698,30099500
2021-10-04,2691.37,2701.94,2628.05,2661.1,33074900
2021-10-05,2665.3,2712.31,2664.84,2691.43,25084000
2021-10-06,2673.71,2717.62,2671.42,2711.5,20792700
2021-10-07,2736,2765.49,2733.04,2743.17,19554600
2021-10-08,2753.65,2761.37,2743.25,2754.98,19478900
2021-10-11,2751.29,2771.83,2741.48,2742.73,17144900
2021-10-12,2748.23,2758.6,2714.85,2721.93,23142500
2021-10-13,2732.5,2744.55,2712.77,2723.48,17437300
2021-10-14,2743.53,2773.61,2737.87,2769.57,22417900
2021-10-15,2783.64,2788.1,2767.13,2778.25,22346100
2021-10-18,2768.96,2803.87,2767.38,2800.47,17841300
2021-10-19,2830.64,2847.13,2819.89,2836.02,18943700
2021-10-20,2841.54,2856.56,2820.47,2835.37,18859800
2021-10-21,2838.75,2847.95,2826.55,2846.3,15561500
2021-10-22,2827.21,2862.36,2798.9,2823.54,30998000
2021-10-25,2829.36,2849.37,2803.79,2841.15,22040600
2021-10-26,2856.84,2864.15,2828.02,2836.71,28848400
2021-10-27,2840.92,2924.7,2826.1,2886.37,52076900
2021-10-28,2901.8,2908.87,2872.88,2892.19,32688900
2021-10-29,2881.67,2930.22,2875.22,2920.82,29870200
2021-11-01,2925.02,2934.28,2877.65,2883.6,32542100
2021-11-02,2894.6,2915.66,2886.63,2901.83,21633200
2021-11-03,2904.46,2916.64,2888.04,2914.5,18502600
2021-11-04,2918.17,2958.67,2909.72,2941.9,25211000
2021-11-05,2954.7,2965.76,2926.22,2937.25,21018200
2021-11-08,2944.11,2956.24,2922.3,2929.45,19088800
2021-11-09,2935.35,2944.4,2908.88,2933.26,17601400
2021-11-10,2912.17,2926.66,2880.72,2896.8,23388700
2021-11-11,2904.23,2919.03,2895.1,2898.51,13263200
2021-11-12,2913.02,2933.83,2887.01,2918.3,18108100
2021-11-15,2925.14,2932.28,2896.68,2908.15,18888500
2021-11-16,2889.68,2910.29,2856.74,2871.46,30098600
2021-11-17,2872.77,2890.64,2854.48,2860.25,18858400
2021-11-18,2862.8,2896.28,2849.92,2886.65,27870600
2021-11-19,2893.54,2904.96,2868.06,2872.73,21875800
2021-11-22,2876.96,2907.03,2841.66,2867.59,26454100
2021-11-23,2862.99,2884.19,2833.32,2873.99,20686700
2021-11-24,2869.49,2887.7,2858.08,2880.33,17533500
2021-11-26,2863.8,2879.77,2821.97,2829.37,18382500
2021-11-29,2844.01,2869.87,2818.61,2839.03,28490700
2021-11-30,2822.42,2842.64,2777.65,2786.91,46867500
2021-12-01,2802.17,2825.39,2745.44,2747.46,30982200
2021-12-02,2753.82,2787.7,2724.33,2752.55,25052400
2021-12-03,2762.86,2787.67,2726.04,2758.96,30475600
2021-12-06,2769.24,2792.81,2737.78,2784.37,24713600
2021-12-07,2809.96,2834.12,2794.05,2820.21,26442100
2021-12-08,2818.64,2830.34,2789.65,2814.25,22177900
2021-12-09,2804.48,2835.22,2790.15,2820.36,21482800
2021-12-10,2828.37,2857.79,2805.09,2848.57,25166900
2021-12-13,2839.28,2872.05,2817.7,2853.11,30091200
2021-12-14,2832.67,2857.01,2798.72,2849.39,29266000
2021-12-15,2846.37,2886.93,2814.45,2879.14,29475800
2021-12-16,2885.68,2897.01,2822.4,2833.41,30337600
2021-12-17,2808.44,2835.54,2759.98,2772.83,50695400
2021-12-20,2747.39,2780.1,2738.62,2773.09,22749400
2021-12-21,2777.38,2800.5,2756.12,2793.94,21200900
2021-12-22,2795.39,2826.15,2781.65,2821.13,19291900
2021-12-23,2822.43,2839.65,2812.62,2820.2,15010900
2021-12-27,2824.22,2844.81,2821.95,2840.44,14293800
2021-12-28,2841.93,2863.26,2819.1,2843.62,19352900
2021-12-29,2842.36,2857.31,2830.68,2843.52,17568700
2021-12-30,2848.02,2857.7,2834.45,2842.99,13901800
2021-12-31,2839.02,2863.4,2828.42,2844.68,18303400
2022-01-03,2836.45,2853.6,2818.3,2847.87,26141700
2022-01-04,2846.64,2866.44,2809.62,2817.42,25565800
2022-01-05,2822.93,2852.51,2761.23,2773.45,51026600
2022-01-06,2769.15,2798.47,2751.1,2768.71,29947500
2022-01-07,2771.7,2792.34,2747.61,2776.72,20491400
2022-01-10,2764.93,2797.89,2725.49,2788.09,34927900
2022-01-11,2780.79,2804,2758.81,2797.23,24586900
2022-01-12,2806.43,2820.57,2796.05,2805.02,24471100
2022-01-13,2806.74,2839.77,2776.81,2800.84,27768900
2022-01-14,2774.53,2830.42,2774.51,2803.04,25453600
2022-01-18,2768.29,2778.24,2738.02,2747.72,28272900
2022-01-19,2753.82,2790.08,2735.03,2755.42,22126900
2022-01-20,2748.32,2780.68,2706.01,2710.65,23165000
2022-01-21,2706.3,2731.68,2668.48,2670.53,42911200
2022-01-24,2624.15,2679.84,2594.68,2673.1,55971600
2022-01-25,2653.94,2665.59,2605.37,2611.86,37324800
2022-01-26,2648.4,2681.79,2596.82,2621.04,40579900
2022-01-27,2651.15,2682.71,2614.88,2620.93,31631700
2022-01-28,2630.28,2675.43,2599.21,2674.23,31647000
2022-01-31,2678.44,2720.82,2657.4,2717.33,34714900
2022-02-01,2731.07,2752.34,2699.34,2747.15,51650300
2022-02-02,2877.31,2885.39,2810.58,2840.13,89953700
2022-02-03,2809.16,2860.4,2775.86,2791.13,57348300
2022-02-04,2793.55,2808.81,2740.95,2779.52,49769100
2022-02-07,2792.56,2793.97,2723.91,2729.34,45106000
2022-02-08,2733.14,2749.45,2706.31,2732.25,34864700
2022-02-09,2752.11,2767.03,2738.29,2750.34,29509300
2022-02-10,2721.73,2743.91,2698.34,2709.13,34294700
2022-02-11,2717.26,2725.48,2642.72,2661.1,39606200
2022-02-14,2654.12,2685.51,2629.32,2659.1,28524000
2022-02-15,2686.43,2698.88,2659.9,2673.44,27555700
2022-02-16,2673.06,2692.11,2643.26,2675.57,27314200
2022-02-17,2667.4,2724.03,2629.11,2677.62,35791100
2022-02-18,2676.91,2697.92,2643.47,2652.77,33502700
2022-02-22,2646.32,2668,2609.12,2628.78,39815300
2022-02-23,2647.66,2656.8,2596.49,2599.2,27345900
2022-02-24,2565.27,2648.22,2545.19,2640.47,44441900
2022-02-25,2650.81,2686.01,2628.07,2674.41,27527500
2022-02-28,2650.35,2681.8,2634.78,2666.58,30942600
2022-03-01,2669.31,2702.89,2651.32,2667.54,25908800
2022-03-02,2668.5,2688.65,2653.34,2674.57,25251700
2022-03-03,2696.24,2732.38,2666.03,2699.52,22146900
2022-03-04,2677.33,2732.85,2648.45,2713.21,27170600
2022-03-07,2696.81,2719.01,2640.3,2652.55,42056000
2022-03-08,2649.03,2701.91,2617.28,2631.38,36491000
2022-03-09,2679.88,2707.23,2650.59,2696.91,33090200
2022-03-10,2675.6,2727.3,2670.45,2716.2,25941200
2022-03-11,2724.8,2743.19,2687.9,2691.31,27356200
2022-03-14,2691.69,2722.91,2655.1,2677.92,31181600
2022-03-15,2691.29,2731.1,2674.57,2720.12,31236800
2022-03-16,2727.99,2767.15,2695.94,2751.23,33091500
2022-03-17,2739.37,2760.01,2716.83,2756.01,24817800
2022-03-18,2751.34,2781.93,2732.7,2779.69,47066000
2022-03-21,2779.96,2804.11,2742.92,2765.37,27566600
2022-03-22,2769.16,2817.46,2753.79,2795.52,30530500
2022-03-23,2779,2792.57,2755.08,2762.17,26134100
2022-03-24,2773.2,2806.66,2757.3,2795.9,21026900
2022-03-25,2805.68,2811.99,2775.86,2803.52,19833800
2022-03-28,2796.42,2832.07,2786.83,2831.27,24700600
2022-03-29,2847.87,2870.92,2838.37,2854.58,29437800
2022-03-30,2850.18,2884.24,2842.96,2873.8,22634800
2022-03-31,2861.91,2880.15,2830.79,2838.07,30873700
2022-04-01,2848.3,2871.89,2829.69,2867.19,24495600
2022-04-04,2867.36,2917.67,2859.49,2893.74,20861500
2022-04-05,2890.02,2914.88,2868.12,2874.8,20235500
2022-04-06,2853.62,2901.84,2824.42,2874.4,25356700
2022-04-07,2870.6,2903.82,2849.1,2883.45,21442000
2022-04-08,2885.21,2899.92,2857.05,2871.06,18176100
2022-04-11,2857.23,2870.15,2796.5,2804.54,25552300
2022-04-12,2826.26,2837.71,2768.6,2782.06,24673100
2022-04-13,2786.36,2846.55,2783.76,2837.78,21844400
2022-04-14,2839.71,2851.98,2803.44,2811.14,24638500
2022-04-18,2809.09,2832.22,2786.8,2804.96,15699300
2022-04-19,2813.78,2850.13,2802.3,2844.02,23326600
2022-04-20,2857.36,2882.61,2828.71,2845.1,23555700
2022-04-21,2857.11,2873.63,2810.14,2820.61,30760100
2022-04-22,2825,2829.79,2741.4,2747.21,46937300
2022-04-25,2740.7,2782.87,2714.69,2777.25,35042900
2022-04-26,2767.34,2785.28,2726.48,2730.25,49824300
2022-04-27,2692.7,2724.29,2667.25,2684.4,62510700
2022-04-28,2711.09,2755.5,2683.86,2739.42,37126300
2022-04-29,2720.81,2735.96,2665.83,2670.89,34419500
2022-05-02,2683.03,2710.38,2631.03,2678.05,31006400
2022-05-03,2679.52,2718.61,2671.65,2691.13,22043700
2022-05-04,2685.25,2755.21,2661.73,2748.56,33895600
2022-05-05,2719.5,2729.61,2656.13,2682.35,43780500
2022-05-06,2661.98,2700.77,2615.71,2641.09,37110700
2022-05-09,2611.06,2676.54,2602.02,2638.39,35777600
2022-05-10,2663.14,2677.18,2612.45,2628.47,32241300
2022-05-11,2623.68,2661.2,2597.5,2607.27,37666400
2022-05-12,2593.6,2640.26,2565.21,2599.3,42309300
2022-05-13,2615.15,2648.23,2592.32,2632.14,30473400
2022-05-16,2636.58,2650.11,2598.28,2619.96,24355100
2022-05-17,2522.18,2532.17,2449.45,2468.2,49287000
2022-05-18,2423.38,2429.69,2333.79,2344.69,44616500
2022-05-19,2324.91,2349.15,2291.19,2298.14,37582200
2022-05-20,2315.51,2331.03,2242.45,2286.79,41029000
2022-05-23,2300.69,2354.34,2291.74,2340.14,34755100
2022-05-24,2280.97,2313.89,2244.25,2305.75,61476600
2022-05-25,2297.82,2316.45,2276.18,2297.66,38963400
2022-05-26,2318.41,2353.88,2304.79,2344.34,31713000
2022-05-27,2352.13,2409.06,2348.31,2407.11,31089700
2022-05-31,2399.59,2452.16,2394.72,2419.14,52756900
2022-06-01,2425.69,2451.22,2376.81,2389.38,30168700
2022-06-02,2390.69,2442.21,2371.04,2440.68,28541100
2022-06-03,2417.17,2427.69,2381.7,2391.77,25784200
2022-06-06,2415.7,2443.79,2401.98,2408.94,24689700
2022-06-07,2362.56,2402.64,2354.5,2396.87,30831700
2022-06-08,2384.11,2414.59,2378.68,2386.83,23761300
2022-06-09,2375.92,2416.07,2353.18,2353.92,24072100
2022-06-10,2322.83,2357.48,2301.7,2329.17,32434100
2022-06-13,2275.45,2305.39,2261.64,2267.25,37681400
2022-06-14,2264.72,2286.74,2250.73,2270.55,26472700
2022-06-15,2290.39,2322.54,2263.7,2297.91,34297600
2022-06-16,2268.26,2310.96,2246.53,2276.98,36767500
2022-06-17,2270.29,2302.25,2242.64,2265.27,45215400
2022-06-21,2281.54,2350.43,2277.16,2338.82,39816300
2022-06-22,2330.64,2364.61,2312.32,2324.87,24854800
2022-06-23,2343.08,2366.45,2320.93,2358.71,25431300
2022-06-24,2371.33,2427.49,2362.45,2411.66,40536700
2022-06-27,2415.79,2427.6,2380.16,2398.28,33502600
2022-06-28,2400.96,2422.98,2343.81,2345.7,28694900
2022-06-29,2347.01,2364.81,2323.41,2338.78,19687300
2022-06-30,2313.37,2331.99,2276.01,2310.28,38578700
2022-07-01,2304.8,2327.05,2286.59,2317.99,31569200
2022-07-05,2300.35,2379.31,2283.65,2375.38,36901200
2022-07-06,2379.4,2416.51,2361.59,2395.51,29712800
2022-07-07,2403.01,2440.5,2388.67,2433.55,32707700
2022-07-08,2422.57,2455.72,2415.85,2441.97,29494800
2022-07-11,2424.79,2438.46,2399.49,2409.99,26993200
2022-07-12,2409.6,2437.68,2385.85,2391.3,25386100
2022-07-13,2365.87,2407.28,2353.62,2371,39187000
2022-07-14,2347.49,2397.98,2334.23,2388.4,33107700
2022-07-15,2411.01,2434.34,2393.93,2412,35048800
2022-07-18,2413.77,2441.49,2374.56,2384.75,33690300
2022-07-19,2406.33,2438.23,2388.04,2432.72,31505900
2022-07-20,2437.17,2464.55,2420.47,2443.99,27485900
2022-07-21,2447.63,2467.14,2418.72,2465.59,27976100
2022-07-22,2438.25,2458.13,2390.04,2406.14,44686500
2022-07-25,2412.25,2429.44,2387.41,2402.95,29106300
2022-07-26,2289.29,2307.08,2255.66,2280.27,48503400
2022-07-27,2309.14,2404.25,2296.82,2395.54,43790900
2022-07-28,2385.58,2443.26,2377.34,2434.89,25807000
2022-07-29,2410.86,2479.24,2406.35,2474.93,32907600
